brand_name_key,brand_name,n_paid_prescribers,payment_usd,observed_brand_fills,expected_brand_fills,oe_ratio
TRELEGY ELLIPTA,Trelegy Ellipta,36768.0,8229105.419999994,1939635.500000001,828314.6040828616,2.341665220484229
OZEMPIC,Ozempic,58220.0,8877734.560000004,1372068.299999997,607468.9783496375,2.258663979397946
BREO ELLIPTA,Breo Ellipta,56.0,758.52,4519.0,3387.7225146199125,1.333934518101171
ASMANEX,Asmanex,1045.0,22726.95,63.0,71.82758321412334,0.8771003725990939
CHANTIX,Chantix,406.0,7156.670000000001,220.7,109.71033700000413,2.011660943125092
XARELTO,Xarelto,52345.0,10305677.75999999,3528995.800000002,2619571.081973059,1.3471655051795597
EUCRISA,Eucrisa,8392.0,959639.360000001,1932.7,174.22859152256348,11.092898031892233
PERFOROMIST,Perforomist,4130.0,125020.39000000001,130.0,64.73220697697849,2.0082738727915377
VASCEPA,Vascepa,36382.0,2566600.900000001,1261041.8,215387.2365542756,5.854765677734248
IMBRUVICA,Imbruvica,4666.0,1613383.9000000008,70023.8,53217.981309014634,1.315792111568475
ZTLIDO,Ztlido,4141.0,306792.06000000006,31979.9,876.4513892656611,36.48793349143358
SYNJARDY,Synjardy,9387.0,374037.7500000002,16325.1,5153.061623628912,3.1680389625349497
TROKENDI XR,Trokendi Xr,3764.0,136136.38000000003,13875.500000000002,2524.2486451379386,5.49688321185244
XIFAXAN,Xifaxan,26724.0,2611353.5100000002,87198.40000000001,59839.53510372355,1.4572038343689278
NUCYNTA,Nucynta,469.0,16810.369999999995,3212.1,649.7081183381508,4.943912365164894
JANUMET,Janumet,8527.0,367038.8199999999,145934.49999999997,58630.33993292695,2.489061127173216
VRAYLAR,Vraylar,49531.0,14560595.54,248865.60000000003,47752.37848400396,5.211585430940676
LIVALO,Livalo,15495.0,600501.6799999999,136898.2,22810.57537614037,6.001523317258982
OCALIVA,Ocaliva,3682.0,1044733.5400000003,3813.3,1181.6796921567516,3.2270166148325075
REVLIMID,Revlimid,576.0,45153.7,17618.9,13594.395251686334,1.2960414695765479
NURTEC ODT,Nurtec Odt,37711.0,11684569.420000013,52887.29999999995,9802.991681909562,5.395016308908857
INVEGA TRINZA,Invega Trinza,6017.0,1579267.1099999999,39041.89999999999,6643.236952425442,5.876939251089909
CABENUVA,Cabenuva,2073.0,1246979.4,638.3,31.527532893576648,20.245796020723393
ERIVEDGE,Erivedge,1887.0,384558.23,2155.0,168.2590784090603,12.807629878733243
BEVESPI AEROSPHERE,Bevespi Aerosphere,1036.0,48827.96000000001,3540.6,1913.5433209109813,1.8502847368589623
XALKORI,Xalkori,724.0,30813.899999999994,155.0,58.84780538694307,2.6339130062850367
XIIDRA,Xiidra,6241.0,394800.1900000002,178822.59999999998,50842.574624547044,3.5171822300608584
JYNARQUE,Jynarque,3080.0,885643.5600000002,1078.0,314.1893283103604,3.431052244190602
LYUMJEV,Lyumjev,1275.0,346025.3699999999,201.29999999999998,37.37416264448896,5.386073847722254
ZEJULA,Zejula,1837.0,900910.2300000001,1912.0,628.9023210317024,3.040217750927362
LUPRON DEPOT,Lupron Depot,2718.0,167111.21000000002,3358.799999999999,3926.93591936674,0.8553233536190834
TASIGNA,Tasigna,1553.0,67232.86000000002,3377.6,1715.9841810991506,1.9683165131723555
BINOSTO,Binosto,383.0,9149.210000000001,124.5,2.8336450327256566,43.9363429653871
MYTESI,Mytesi,303.0,62890.96999999999,1075.0,8.050852499567798,133.5262321670544
FLECTOR,Flector,72.0,12809.72,235.0,1.0452467596922996,224.82729347965588
BRAFTOVI,Braftovi,1386.0,292055.76,845.0999999999999,267.74218509808884,3.156394647673443
VIVITROL,Vivitrol,2999.0,553872.56,2760.1,182.73534613372524,15.104357522491386
MULTAQ,Multaq,3925.0,892655.5099999997,102646.50000000001,39477.68703273065,2.600114335849934
SUBLOCADE,Sublocade,2436.0,128150.23999999999,1030.0,35.71122917010975,28.842468431809355
UDENYCA,Udenyca,908.0,288914.6499999998,94.0,34.448661138927655,2.728698210386417
PANZYGA,Panzyga,1783.0,74171.31000000001,1092.1999999999998,397.3020712572782,2.7490417971990166
XYOSTED,Xyosted,5532.0,257042.90999999997,7220.799999999998,490.6226761726241,14.717623849614693
RAYOS,Rayos,2319.0,970025.1300000004,1693.5000000000002,73.31343840791976,23.09944857008723
XYWAV,Xywav,2780.0,883273.68,2536.0,129.5090348905322,19.581645420673233
TROGARZO,Trogarzo,913.0,232854.4,633.9,27.021941966109384,23.45871369256252
RYTARY,Rytary,2312.0,867691.3600000003,95044.19999999998,29346.04192518193,3.2387400059713762
AURYXIA,Auryxia,2264.0,404215.73999999993,58423.19999999999,13496.070014756884,4.328904631949808
ORLADEYO,Orladeyo,1250.0,585708.2500000001,282.0,17.890124103850578,15.762886739243122
XULANE,Xulane,1561.0,42892.64999999998,118.19999999999999,28.024418088958527,4.217750378430522
XHANCE,Xhance,5180.0,1292368.93,6587.0,1143.2763579646105,5.761511601382994
AFREZZA,Afrezza,2919.0,639316.6299999999,3048.7,164.5255463639098,18.53025300555246
ODACTRA,Odactra,1337.0,63221.27,215.0,29.33715988890187,7.32858943449852
TRIJARDY XR,Trijardy Xr,7499.0,229760.1,2786.6,615.4207523363306,4.527959106710638
SANCUSO,Sancuso,130.0,2994.8199999999997,88.0,8.146444919992183,10.802258023501674
ZILXI,Zilxi,2540.0,373117.4299999998,23.0,0.0,
DOVATO,Dovato,2533.0,2588941.3500000006,42137.3,3148.338989373977,13.383978072951631
PLENVU,Plenvu,1717.0,147693.54999999996,9579.0,3555.1310203313383,2.694415464639398
AUSTEDO,Austedo,9317.0,4607743.770000001,43207.7,6343.782666692817,6.811030936929201
NINLARO,Ninlaro,915.0,581716.79,3549.7000000000003,1079.1127147508962,3.289461750823145
JAKAFI,Jakafi,2755.0,1790259.4600000002,20454.0,11231.671636861456,1.8211002477023628
INVEGA,Invega,2418.0,136120.86000000004,3053.5,1588.3903274598424,1.9223864230419765
INBRIJA,Inbrija,1475.0,777729.6199999999,2438.4999999999995,559.0002654452194,4.362251953597625
MEKTOVI,Mektovi,1287.0,89508.49000000002,463.0,277.36290404392025,1.669293165198055
MAVENCLAD,Mavenclad,531.0,1977366.9399999997,821.6,11.985034559079278,68.55215944100853
APOKYN,Apokyn,1028.0,375902.2500000001,835.9,136.1235519709049,6.1407448446442645
TWINRIX,Twinrix,43.0,735.1099999999999,0.0,1.682515755961691,0.0
MOTOFEN,Motofen,761.0,19445.68,66.0,10.644009846364593,6.20067070142198
GILENYA,Gilenya,415.0,306491.26999999996,2767.0,965.4853556484165,2.865916074036869
SUNOSI,Sunosi,9032.0,1123007.9000000001,3544.1,241.40780924638997,14.680966664101396
PROLENSA,Prolensa,1821.0,123045.98000000004,93615.00000000012,24089.612212245036,3.886114860429945
ESTROGEL,Estrogel,357.0,7868.419999999999,62.3,9.975430198915982,6.245344687667712
MAYZENT,Mayzent,1707.0,254420.12999999995,2589.3999999999996,519.0613243233846,4.988620570749279
CRYSVITA,Crysvita,1591.0,68400.95999999999,122.6,68.1487870786945,1.7990048723600642
NUZYRA,Nuzyra,4891.0,836117.3400000003,522.0,36.60185835861339,14.261570953190674
POMALYST,Pomalyst,956.0,35413.619999999995,5290.0,4029.700265623446,1.3127527238509313
ZILRETTA,Zilretta,3639.0,532279.78,87.0,17.731516928608045,4.906517606490516
GAMUNEX C,Gamunex-C,737.0,153482.05000000005,8108.499999999999,1861.3049119647299,4.356352335330671
ONGENTYS,Ongentys,2895.0,923076.38,5564.799999999999,454.7524610765065,12.236987100249667
RASUVO,Rasuvo,30.0,605.92,389.7,89.87790535434335,4.33588208874705
VERZENIO,Verzenio,2218.0,875020.3699999999,3666.8,1832.2642392232578,2.0012397346981174
XADAGO,Xadago,929.0,45017.23999999998,3269.8,371.69882188308253,8.796907085781704
ZOMIG,Zomig,218.0,6845.54,98.0,6.381345656701957,15.3572624446501
FINACEA,Finacea,749.0,24720.339999999997,49.0,19.210536698253545,2.550683552971982
MEKINIST,Mekinist,1830.0,105522.04999999996,538.0,576.7277087566544,0.9328492316761648
DIFICID,Dificid,5781.0,215349.42000000004,94.0,25.325490769663006,3.71167535724919
LUMIZYME,Lumizyme,94.0,39150.96,41.0,1.2141626870800806,33.768127151560066
TRUXIMA,Truxima,77.0,1738.48,31.0,2.738333921200734,11.32075228663376
QINLOCK,Qinlock,1056.0,225081.82999999996,130.5,16.373681833514674,7.97010723225881
HAEGARDA,Haegarda,1272.0,407912.73999999993,1281.5,244.35351584205762,5.244450834209895
TABRECTA,Tabrecta,1470.0,87310.37000000001,102.0,81.29335467358236,1.2547151044456357
ESTRING,Estring,2372.0,79523.59000000001,11519.900000000001,12787.610787975638,0.9008641403781477
NUBEQA,Nubeqa,3042.0,566477.0200000001,5520.0,786.5904039930392,7.0176294701515936
PLEGRIDY,Plegridy,1136.0,670753.17,158.0,29.8975788484468,5.2847088655878975
NEULASTA,Neulasta,230.0,16156.180000000004,0.0,33.725580437979474,0.0
CERDELGA,Cerdelga,160.0,14571.82,31.0,4.405945994875105,7.0359464314947315
CLODERM,Cloderm,1842.0,101065.36000000004,60.0,0.0,
SOLIRIS,Soliris,3099.0,934491.6900000003,2899.2,457.9627059646286,6.330646496406901
SIMPONI ARIA,Simponi Aria,10394.0,2028502.9999999995,1836.9,445.93145309765356,4.1192429626571805
ALTRENO,Altreno,579.0,52529.11,0.0,1.613659488440018,0.0
OPDIVO,Opdivo,3926.0,3240430.120000001,1517.6999999999998,162.82802621240606,9.320876972494828
INFLECTRA,Inflectra,4007.0,309502.33999999997,221.40000000000003,155.16387535396288,1.4268785146989789
BAXDELA,Baxdela,180.0,8787.94,11.0,0.1925758685296517,57.12034474509606
JATENZO,Jatenzo,5057.0,896321.2800000001,64.5,4.733923501043983,13.625061745458217
EPIDUO FORTE,Epiduo Forte,1575.0,138225.99000000008,30.0,1.197365356809925,25.055009174415535
ARESTIN,Arestin,1048.0,75890.14999999998,90.0,0.0,
SAPHNELO,Saphnelo,1988.0,789802.4799999994,17.0,0.0,
NATESTO,Natesto,1954.0,136677.39,28.0,5.404152395708995,5.181201037600745
OXERVATE,Oxervate,1663.0,459686.22,2908.0,168.2128817838968,17.28761774461429
EYSUVIS,Eysuvis,5433.0,1429145.2800000007,2766.0,51.12640270552438,54.10120512353443
FASLODEX,Faslodex,60.0,2788.21,0.0,0.3223299973801266,0.0
FARYDAK,Farydak,300.0,148708.65000000002,47.0,1.4307428380395075,32.85006833541261
ZYLET,Zylet,1357.0,44079.650000000016,690.6000000000001,233.75410936213706,2.954386564088622
CINVANTI,Cinvanti,173.0,10579.22,0.0,1.0947622269006476,0.0
LUCENTIS,Lucentis,924.0,480072.0799999998,543.4,5.778670285440627,94.0354741070965
JUXTAPID,Juxtapid,610.0,31806.120000000006,25.0,1.000065155178041,24.99837122667199
ERBITUX,Erbitux,500.0,20289.83,12.0,11.082090989589357,1.0828281423851271
ADAKVEO,Adakveo,497.0,103488.29999999997,123.0,5.6607661204671365,21.728507658226626
EZALLOR SPRINKLE,Ezallor Sprinkle,1290.0,115094.36000000002,210.0,5.465352459347038,38.42387139018832
BEOVU,Beovu,799.0,808753.9000000008,33.6,5.151321948949622,6.522597564854434
INVELTYS,Inveltys,5014.0,297700.22,9397.899999999998,873.096876733944,10.763868535591829
REBLOZYL,Reblozyl,1925.0,607531.44,153.0,106.48273929018684,1.4368525924473476
JEVTANA,Jevtana,1479.0,365055.79000000004,111.0,11.566159462076467,9.596962618745724
CEREZYME,Cerezyme,55.0,16024.120000000003,0.0,1.8445124086588611,0.0
RYBREVANT,Rybrevant,335.0,48340.06,0.0,0.3509635857401487,0.0
ALIMTA,Alimta,89.0,2005.9600000000003,0.0,6.162684002811973,0.0
CAROSPIR,Carospir,449.0,19701.2,30.0,0.3607774456596105,83.15375686845087
TRAZIMERA,Trazimera,172.0,3195.750000000001,0.0,1.6586021035842473,0.0
ZYPITAMAG,Zypitamag,781.0,22356.510000000002,0.0,0.7123120477014931,0.0
SPRITAM,Spritam,178.0,4036.349999999999,0.0,1.3156192478713782,0.0
TRODELVY,Trodelvy,1466.0,485937.92000000004,12.0,5.7064655962307445,2.102877831757416
COPIKTRA,Copiktra,263.0,148095.65000000002,38.0,7.840100146874002,4.8468768623002
MVASI,Mvasi,195.0,14121.390000000007,62.0,6.956127632080519,8.913004947474825
SIMBRINZA,Simbrinza,62.0,1900.9200000000003,2534.1,1479.488104456987,1.7128221527202374
LUMAKRAS,Lumakras,2174.0,458852.8000000002,23.0,20.811615568535515,1.105152068769377
SUSTOL,Sustol,117.0,34531.16,0.0,0.0002560423520105938,0.0
DERMOTIC,Dermotic,110.0,4914.619999999999,0.0,0.03564821445607188,0.0
GIMOTI,Gimoti,1430.0,78907.18,29.0,0.0,
SANDOSTATIN,Sandostatin,650.0,16012.759999999998,0.0,0.004048883077948777,0.0
ADCETRIS,Adcetris,1973.0,1704937.4000000006,0.0,0.0020261389262999467,0.0
SYMJEPI,Symjepi,889.0,29157.079999999998,0.0,0.018298349634640537,0.0
RIABNI,Riabni,35.0,2333.65,0.0,0.053149310379348724,0.0
BIKTARVY,Biktarvy,458.0,706988.0299999999,65709.2,13643.667965637345,4.816094921504526
PREZCOBIX,Prezcobix,199.0,14376.490000000002,3643.0,797.4568204523298,4.568272421237346
NUCALA,Nucala,8623.0,3492329.8399999994,12845.8,7768.523342003783,1.653570367812862
VYVANSE,Vyvanse,8823.0,436968.93999999994,27413.4,7664.008585047862,3.5769010036708884
TRADJENTA,Tradjenta,8450.0,336519.71,212219.7,112805.1527411157,1.8812943810025913
HIZENTRA,Hizentra,2365.0,391791.9900000001,6045.1,2293.2615625265453,2.6360272629956603
OLUMIANT,Olumiant,2052.0,374455.0900000002,2322.0,658.2882921437262,3.527329936916196
ELIGARD,Eligard,2187.0,195216.7300000001,1245.8000000000002,541.1721309415226,2.302040198989141
ANORO ELLIPTA,Anoro Ellipta,12744.0,597166.8700000001,449457.89999999997,234425.6550726783,1.9172726630993346
OPSUMIT,Opsumit,5131.0,1650355.41,38503.0,6220.281588408726,6.18991269973195
LINZESS,Linzess,23918.0,2115228.1100000013,940794.4000000004,336839.5244781887,2.793004774179698
BYSTOLIC,Bystolic,11331.0,354978.1599999999,341247.20000000007,114246.95925378667,2.9869258860707015
ABILIFY MAINTENA,Abilify Maintena,7814.0,1662279.5100000002,64791.79999999999,16004.980772958665,4.048227293685317
DESCOVY,Descovy,1361.0,465992.16000000003,17392.0,3359.8587771847056,5.176408043725312
ZENPEP,Zenpep,12366.0,1299790.1600000001,55419.99999999999,6633.969186323232,8.353973080588819
JARDIANCE,Jardiance,60588.0,11942026.6,2400117.4999999995,1478228.104679463,1.6236448843058886
MOVANTIK,Movantik,5130.0,343601.2899999999,41661.299999999996,8141.270486825751,5.117297118111546
INVEGA SUSTENNA,Invega Sustenna,8160.0,1822570.66,188927.99999999994,54677.97649166915,3.4552851462743033
XCOPRI,Xcopri,1283.0,1970528.1800000004,9183.000000000002,1106.62640811045,8.29819343971725
ORACEA,Oracea,3147.0,262824.9000000001,344.0,56.426993447332364,6.0963730119890505
ACTEMRA,Actemra,1429.0,90251.44000000002,4781.0,4040.503009536803,1.1832685160029337
XOLAIR,Xolair,4265.0,690211.8599999999,20431.9,10600.722350928823,1.927406390207907
TARGRETIN,Targretin,243.0,16483.8,75.0,1.1303685013448268,66.35004417654126
INGREZZA,Ingrezza,9819.0,5138065.309999999,46695.2,7746.299706365549,6.02806524018533
PROLIA,Prolia,23073.0,1799690.6000000003,560206.0000000001,110927.6911787516,5.050190750813252
VELTASSA,Veltassa,4510.0,894480.5399999999,41295.79999999997,12207.545600539226,3.3828093993092163
VIMPAT,Vimpat,1438.0,84586.46999999996,68157.99999999999,55454.12785321412,1.2290879441907867
OXISTAT,Oxistat,27.0,640.52,0.0,0.04880851746488965,0.0
EPIDIOLEX,Epidiolex,1316.0,448667.50999999983,8671.400000000003,2165.9437773567383,4.003520354799955
MOTEGRITY,Motegrity,4347.0,336556.16,14114.5,4792.262595139467,2.9452684863962957
DOPTELET,Doptelet,1609.0,694171.07,405.3,58.184032487034116,6.965828641909928
VUMERITY,Vumerity,3421.0,2728751.7300000014,6299.1,705.2028967100828,8.932322923497058
PIFELTRO,Pifeltro,1572.0,110149.86,7739.0,1585.9717948109565,4.879658027539177
TIROSINT,Tirosint,2943.0,122246.95999999995,11752.699999999999,4994.269528834761,2.353237031390671
SUCRAID,Sucraid,2868.0,284062.0199999999,1484.4,102.92655653018362,14.421933950201607
VELPHORO,Velphoro,2225.0,436297.56999999995,52379.4,14535.459698822588,3.6035599207256497
KEVZARA,Kevzara,828.0,332061.22000000003,3804.4,890.2744723123035,4.273288876989654
SYMBICORT,Symbicort,949.0,42680.90999999999,68047.90000000001,45711.08700095917,1.4886519762387656
ORENCIA,Orencia,2148.0,404101.02999999985,11233.500000000002,9115.621254541436,1.23233509667851
ACTHAR,Acthar,7870.0,3711843.4899999998,3119.3,125.10402184549123,24.93365084499416
HUMALOG,Humalog,330.0,6851.139999999999,3350.2,1522.225825465586,2.200856104234936
DUEXIS,Duexis,2989.0,116345.49000000002,5164.1,91.21891908190176,56.6121595385642
AVEED,Aveed,2645.0,123812.44999999995,179.09999999999997,20.053338801966294,8.931181075065597
BRILINTA,Brilinta,8987.0,1087069.4000000001,276264.1000000001,122983.27196832112,2.2463550983678666
TEFLARO,Teflaro,1083.0,86608.76000000001,106.0,15.070712317749141,7.03350961554493
PERSERIS,Perseris,1416.0,71260.22000000002,1661.7,74.03494196627254,22.444807220312356
ORILISSA,Orilissa,5136.0,878450.8599999993,280.0,68.38834537712785,4.094264870073091
PANCREAZE,Pancreaze,537.0,15034.979999999998,39.1,4.227057849396559,9.249932551924216
XTANDI,Xtandi,6827.0,1202372.91,71357.0,24898.940793106074,2.865864881278687
XGEVA,Xgeva,2944.0,372648.7600000001,4663.999999999999,796.6855725983419,5.854254376401777
ARIKAYCE,Arikayce,3313.0,546170.7400000005,2863.3,395.5558188698581,7.238674956623644
RAYALDEE,Rayaldee,2025.0,186981.5300000001,19080.8,1133.6943276289799,16.830639031162644
SEYSARA,Seysara,2842.0,156726.00000000006,61.0,4.249338252092668,14.355176354802863
AUBAGIO,Aubagio,3021.0,2014705.2500000007,41772.69999999999,9797.161311381524,4.263755456539432
NEXLETOL,Nexletol,24430.0,6106556.369999997,18107.9,1165.7290644180653,15.53354081382496
APLENZIN,Aplenzin,4028.0,179389.18,943.0,50.10223295813909,18.821516414006652
DARAPRIM,Daraprim,199.0,4304.34,0.0,0.18638488233651204,0.0
EVRYSDI,Evrysdi,129.0,84222.22,480.7,26.27888505764922,18.292252466018475
CAPLYTA,Caplyta,10576.0,3294125.1499999985,18034.4,827.3602026060289,21.797519318907334
FABRAZYME,Fabrazyme,356.0,119013.79999999999,239.0,19.374943708632482,12.335519710104439
ERLEADA,Erleada,5198.0,1465147.6699999995,25874.5,4198.620172455886,6.1626198458588615
SYMPROIC,Symproic,222.0,95286.48999999999,331.7,38.620163524927605,8.588777719335713
AVYCAZ,Avycaz,1637.0,144788.75000000003,89.0,58.08156173432384,1.5323279426800367
GLYXAMBI,Glyxambi,2455.0,82645.15,7504.1,1232.3729954335658,6.089146733826275
NAPRELAN,Naprelan,3117.0,101121.04999999999,22.0,0.2489143084100653,88.38383032508062
VENCLEXTA,Venclexta,2418.0,1009280.5199999999,13763.1,7086.08983244132,1.9422700424979367
REYVOW,Reyvow,29854.0,2211053.78,1868.1,488.96462752230093,3.820521761392236
QUZYTTIR,Quzyttir,167.0,20593.19,0.0,0.487547749887917,0.0
LUMIGAN,Lumigan,4485.0,584026.6800000005,1077350.2999999984,562326.2331222948,1.9158812741458857
BESIVANCE,Besivance,1035.0,34793.25,18275.600000000006,5539.986534601227,3.2988527834599695
TRESIBA,Tresiba,1963.0,120705.98999999998,502.7999999999999,236.11902974592599,2.1294344659176088
VERQUVO,Verquvo,14364.0,908841.99,1368.2,122.81246363047829,11.140563095588409
VIBERZI,Viberzi,4034.0,123197.92000000004,3596.2999999999997,1608.2661012966016,2.236134926366118
RESTASIS MULTIDOSE,Restasis Multidose,6586.0,1565789.080000001,15870.100000000002,7410.1012266051275,2.1416846429870904
NOURIANZ,Nourianz,2315.0,1115097.2700000003,11958.7,1461.3141131077512,8.183524604828214
LORBRENA,Lorbrena,1413.0,112651.96,139.0,86.59891825576258,1.6051008811619938
KRISTALOSE,Kristalose,255.0,7192.740000000002,193.0,4.763923877426851,40.51282198577982
GATTEX,Gattex,3150.0,244411.16999999993,1451.3,269.709759489737,5.380969538312999
LEVEMIR,Levemir,25.0,338.22,0.0,66.47371569879567,0.0
AMPYRA,Ampyra,33.0,669.4199999999998,413.0,26.168221743353957,15.78250154139309
ZEPOSIA,Zeposia,8352.0,3849723.139999997,813.6000000000003,107.85951937926065,7.543145052771672
TAFINLAR,Tafinlar,1830.0,102437.11,563.0,595.5030679672686,0.945419142712032
INLYTA,Inlyta,1616.0,168244.29999999996,2051.0,1403.3056973033201,1.4615489725020925
PERJETA,Perjeta,210.0,13448.189999999999,23.0,9.612155997906157,2.392803446491105
ZIRABEV,Zirabev,211.0,4110.040000000001,39.0,5.017869895926802,7.77222223949206
PROMETRIUM,Prometrium,364.0,8575.260000000002,11.0,5.134715197254338,2.1422804532337016
INVOKAMET,Invokamet,25.0,371.5,0.0,1.2645023970208564,0.0
RETACRIT,Retacrit,81.0,1907.0500000000002,175.3,71.90284668340036,2.43801195760543
PROMACTA,Promacta,1577.0,117022.01999999999,3919.7,2081.425568775343,1.8831804791877569
DUOPA,Duopa,1782.0,636576.64,62.0,23.32862911115462,2.6576786704690933
HERCEPTIN,Herceptin,37.0,10385.61,26.0,2.518587706689084,10.32324581389282
SECUADO,Secuado,981.0,121350.90999999999,306.0,11.226198403242535,27.257668981835923
BROMSITE,Bromsite,4086.0,173934.47999999998,23414.600000000006,3403.4121627901854,6.879742705275005
INREBIC,Inrebic,137.0,76561.58,22.0,12.013886418390028,1.8312142493975903
RUXIENCE,Ruxience,844.0,38812.58000000001,35.0,11.931304954412125,2.9334595112378894
ICLUSIG,Iclusig,572.0,243016.41,126.0,34.82165752166467,3.6184377473015967
RADICAVA,Radicava,1031.0,80132.66000000003,1282.0,290.16414690188265,4.418188855129304
ADMELOG,Admelog,84.0,1264.5,0.0,3.2828622042832687,0.0
FIRDAPSE,Firdapse,747.0,187069.26,266.0,123.87918224067212,2.1472534382993906
SOMAVERT,Somavert,482.0,25777.940000000002,238.0,81.1883397258265,2.93145543810512
CYRAMZA,Cyramza,1839.0,170462.94999999995,43.0,11.70548166143401,3.6734925775563663
KYPROLIS,Kyprolis,2129.0,575308.57,254.0,30.287787979296027,8.386218239959552
XEOMIN,Xeomin,1974.0,267339.75,247.4,10.942576031573573,22.608935892805782
ZOLADEX,Zoladex,58.0,1323.53,11.0,0.5538243617544714,19.861892613667045
TEGSEDI,Tegsedi,789.0,128191.5,185.0,2.97727230863173,62.137413317433754
KYNMOBI,Kynmobi,2609.0,292284.7300000001,395.7,37.85928071727331,10.451862594934662
PROCYSBI,Procysbi,27.0,51187.33,0.0,0.448575550594651,0.0
ROZLYTREK,Rozlytrek,497.0,30136.17000000001,12.0,5.478459860533329,2.190396627060766
GAZYVA,Gazyva,697.0,62129.46000000001,0.0,2.543620506747784,0.0
FLAREX,Flarex,589.0,127506.07999999999,5069.6,216.4914802962748,23.41708779053156
UCERIS,Uceris,208.0,8881.289999999999,0.0,3.964313330333492,0.0
EVKEEZA,Evkeeza,901.0,168295.32999999996,0.0,0.7860292356976636,0.0
YERVOY,Yervoy,30.0,4824.14,0.0,0.3166726662237192,0.0
KETODAN,Ketodan,93.0,5453.710000000001,26.0,0.0,
HALAVEN,Halaven,195.0,74223.4,0.0,0.04299881928347566,0.0
FERRIPROX,Ferriprox,43.0,48902.22,0.0,0.20032367420310973,0.0
EVENITY,Evenity,22715.0,1954042.0200000005,11.0,0.0,
PROAIR DIGIHALER,Proair Digihaler,811.0,545539.2999999998,0.0,0.1817214429097163,0.0
BAVENCIO,Bavencio,1398.0,363663.9799999999,26.0,3.420375885567651,7.60150371475473
SPIRIVA,Spiriva,259.0,67181.8,3628.0,3688.0436237576287,0.9837193835314637
SYNTHROID,Synthroid,8368.0,581311.7900000003,1445589.8999999994,833117.166753917,1.7351579797982872
RELISTOR,Relistor,4442.0,541175.9099999999,17573.3,477.9067000749953,36.7714032827795
TRULANCE,Trulance,11150.0,861833.69,44499.5,7085.3196206596185,6.280521187815837
TRINTELLIX,Trintellix,25087.0,1485400.1299999997,221879.69999999998,55178.0410939055,4.021159425039953
BELBUCA,Belbuca,4853.0,345711.36999999994,99040.90000000001,13853.58648696923,7.149116230165993
VIIBRYD,Viibryd,1315.0,30488.47,8223.800000000001,2497.0776175205892,3.2933697944742373
BELSOMRA,Belsomra,21308.0,778957.0900000002,54834.2,12081.516597637461,4.5386851523858205
COMBIVENT RESPIMAT,Combivent Respimat,267.0,7819.899999999998,1796.5,1199.8776453558266,1.4972359948144909
ADEMPAS,Adempas,1571.0,480256.2300000001,21777.8,1571.297288468203,13.85975789548414
PREMARIN,Premarin,15277.0,512134.47,168021.90000000014,85143.0279114557,1.9734076191738696
ELIQUIS,Eliquis,43495.0,3016524.0399999996,7373076.299999999,6805789.240445655,1.0833536037500329
ENTRESTO,Entresto,30579.0,1885864.9199999988,1284945.3999999997,671846.5505240291,1.9125578586326948
CRESTOR,Crestor,55.0,13051.089999999997,0.0,9.910984351519929,0.0
ZIOPTAN,Zioptan,402.0,16342.41,8258.099999999999,2706.8049619083317,3.050866285607048
CABOMETYX,Cabometyx,1723.0,1169331.0199999998,5306.200000000001,1529.0483465128839,3.4702630640170478
LATUDA,Latuda,8881.0,967417.2399999996,238507.4,92333.54994856553,2.5831065753765636
NUEDEXTA,Nuedexta,6442.0,1144331.67,49743.100000000006,5263.146386575938,9.4512096655479
CREON,Creon,16870.0,2115423.919999998,299825.49999999994,69741.47473712948,4.299098938330546
FARXIGA,Farxiga,50289.0,9430421.959999992,1093832.5,302836.82008580747,3.6119534595894494
PENNSAID,Pennsaid,5055.0,325363.6200000001,42041.6,742.7686238716988,56.6012061479619
SOLIQUA 100 33,Soliqua 100-33,18311.0,2004433.6199999994,106094.80000000002,10928.185947810847,9.708363355699772
DULERA,Dulera,1905.0,42237.83000000001,1356.5,1136.5230372023157,1.1935525771120163
OTEZLA,Otezla,27347.0,5540588.849999997,48664.7,25331.52420664928,1.9211121921840766
SIMPONI,Simponi,9476.0,531403.72,4857.2,4189.805498960358,1.159290091438671
REXULTI,Rexulti,14768.0,3393032.3699999996,128944.69999999994,22019.532212206326,5.855923675277744
DEXILANT,Dexilant,62.0,9636.0,5099.4,726.2260622343897,7.021780496710082
OFEV,Ofev,8254.0,1943812.7699999996,57791.7,28339.942327851368,2.039231390503029
PRADAXA,Pradaxa,209.0,9732.089999999997,4275.0,2082.0955097935243,2.0532199315025372
GEMTESA,Gemtesa,7846.0,643385.6100000001,21354.7,3369.288054153506,6.338045206219424
IMVEXXY,Imvexxy,3426.0,146693.72999999998,6074.4000000000015,1322.3346948775113,4.593693278661706
EPCLUSA,Epclusa,1425.0,2317483.19,3679.8,193.64175172688908,19.00313319407461
HORIZANT,Horizant,6086.0,213209.00000000003,11353.1,814.9904826674463,13.930346723610255
TOVIAZ,Toviaz,163.0,4558.04,602.0,595.6875428472679,1.0105969265742236
ONGLYZA,Onglyza,73.0,3556.4,56.0,67.20456082760907,0.8332767792895687
CORLANOR,Corlanor,1100.0,34628.98999999999,2502.5,808.5376499427217,3.09509396399448
TIBSOVO,Tibsovo,779.0,341273.9199999999,199.0,38.02292418584746,5.233684790452544
FEMRING,Femring,82.0,1661.3500000000001,68.8,13.640655952998479,5.043745714067104
SOMATULINE DEPOT,Somatuline Depot,1781.0,276774.95999999985,635.8,166.56894202888347,3.8170381120014
NEUPRO,Neupro,901.0,53001.39,18202.8,4823.212140134545,3.773999457442945
HUMIRA,Humira,20309.0,4934421.159999999,6416.099999999999,10485.726792729134,0.6118889159356089
RUCONEST,Ruconest,869.0,331593.3699999999,250.0,4.249305906245263,58.83313781494798
MITIGARE,Mitigare,1707.0,39319.66999999999,5451.5,904.2510995434089,6.028745779521497
SHINGRIX,Shingrix,12303.0,691945.3700000005,109849.40000000001,170653.98845473578,0.6436966460302592
APTIOM,Aptiom,3122.0,194249.04,25921.300000000003,5049.730480908541,5.1332046528028314
EDARBI,Edarbi,3924.0,105400.99999999999,31875.100000000002,1485.2134031719868,21.461629643204134
RINVOQ,Rinvoq,4174.0,4092853.9400000013,44535.3,17006.29182771708,2.6187543087679925
SUBVENITE,Subvenite,253.0,5858.3,158.0,5.41427749463586,29.182102350043362
XELJANZ,Xeljanz,5821.0,1200987.9600000007,15112.5,19511.64333998146,0.7745375280119465
NUPLAZID,Nuplazid,4599.0,1423980.7300000004,44681.299999999996,10397.357666681328,4.2973706813205705
VALTOCO,Valtoco,2547.0,631674.9799999997,1136.0,107.64446717094155,10.553259539071426
AVASTIN,Avastin,79.0,11974.7,84.0,15.007818641497737,5.597082561201382
XPOVIO,Xpovio,1794.0,1682122.1399999994,267.9,48.05804184508656,5.574509274921488
VYZULTA,Vyzulta,3874.0,532762.61,86719.39999999992,23623.01944146716,3.670970182912994
XERMELO,Xermelo,634.0,84574.65000000001,219.6,19.836741416831345,11.070366618464403
ALECENSA,Alecensa,617.0,49857.270000000004,240.0,196.06342794725626,1.2240936645490217
TECENTRIQ,Tecentriq,1419.0,365383.5300000001,296.0,74.2703849147037,3.9854378072759835
LO LOESTRIN FE,Lo Loestrin Fe,6317.0,402280.4200000004,189.79999999999998,64.70682437258546,2.9332300238862152
XOSPATA,Xospata,684.0,185250.84999999998,168.5,25.593080239260434,6.583810874844081
CIMZIA,Cimzia,9608.0,2112783.4300000016,11624.999999999989,5535.290675244585,2.1001607109795226
MAVYRET,Mavyret,6877.0,1783681.6700000004,1190.9,278.73600418525575,4.272501514402476
KANJINTI,Kanjinti,208.0,8346.430000000004,19.0,4.674442181733887,4.064656115385375
KEYTRUDA,Keytruda,5463.0,696425.7000000001,3814.6,437.28338931309383,8.723404760451022
DAYVIGO,Dayvigo,21248.0,1590354.4299999997,11726.4,301.0245297886617,38.954964926721004
ROCKLATAN,Rocklatan,5380.0,1947692.5000000012,134373.69999999978,44178.16796832231,3.0416313346527097
HAVRIX,Havrix,102.0,2002.21,0.0,3.980718331474012,0.0
PRIVIGEN,Privigen,249.0,75310.38,366.1,242.57868038475772,1.5092010535275535
GARDASIL 9,Gardasil 9,10093.0,232623.50000000006,39.0,63.441636391638525,0.6147382416059514
LUCEMYRA,Lucemyra,969.0,130855.82999999999,116.6,0.012997220841726978,8971.148633995745
BOSULIF,Bosulif,1027.0,84805.04000000002,898.1,447.1220140696073,2.008623981238788
PROLATE,Prolate,1219.0,70856.81000000003,2601.3999999999996,12.579819954450848,206.7915128689582
INTRAROSA,Intrarosa,228.0,5717.120000000001,746.8,52.51254876840776,14.221362655497016
FULPHILA,Fulphila,130.0,3086.62,0.0,4.510695632730029,0.0
BRIVIACT,Briviact,4056.0,625531.3500000003,32222.700000000023,12265.728484285122,2.6270514663098745
SEGLUROMET,Segluromet,3560.0,101621.19999999998,176.0,8.419874445421897,20.902924519936963
QUILLICHEW ER,Quillichew Er,235.0,71012.32999999999,0.0,0.7647880166273735,0.0
RUKOBIA,Rukobia,751.0,250786.99000000005,1243.0,80.95745492225616,15.353743533485074
STRENSIQ,Strensiq,1954.0,120020.22,451.70000000000005,73.42819386317146,6.151588051337786
OCREVUS,Ocrevus,1920.0,1590956.2,1718.1999999999998,149.66288831883588,11.480467999118222
IDHIFA,Idhifa,88.0,8047.26,13.0,3.8794836269204342,3.3509614294517607
ENHERTU,Enhertu,2278.0,1319845.3,103.0,7.2942728863895425,14.120667214437335
FYCOMPA,Fycompa,2538.0,491633.94000000024,17858.100000000002,4646.723048168305,3.8431599677625505
RYDAPT,Rydapt,576.0,59321.509999999995,14.0,19.95568748498078,0.7015543819543577
ORBACTIV,Orbactiv,1188.0,59738.85000000002,94.0,0.0,
NASCOBAL,Nascobal,1456.0,39938.05,0.0,0.040413980063440214,0.0
GENOTROPIN,Genotropin,425.0,14438.97,625.8000000000001,311.8647302526118,2.0066392230153736
SENSIPAR,Sensipar,265.0,11340.940000000002,11.0,11.10271285474757,0.9907488506555719
DARZALEX,Darzalex,3262.0,1176863.4399999997,714.9,51.252969152529516,13.948460193056292
KORLYM,Korlym,3633.0,1234797.8199999998,3162.0,287.63993667148145,10.992910221682378
DALVANCE,Dalvance,4940.0,754640.26,484.0,8.484350227708124,57.04620707657219
DERMA SMOOTHE FS,Derma-Smoothe-Fs,110.0,9829.239999999998,0.0,0.0009633038024426322,0.0
SUTAB,Sutab,3842.0,149930.92999999996,21770.8,5485.915107484365,3.9684901376432844
ZEMAIRA,Zemaira,102.0,8018.079999999999,202.0,32.6514972102299,6.186546322804219
PENTACEL,Pentacel,59.0,915.9499999999999,0.0,0.004363213432460963,0.0
NALOCET,Nalocet,1256.0,71590.53,800.0,3.3519649784471675,238.66597805881858
NORTHERA,Northera,926.0,35677.259999999995,692.0,84.87581441763588,8.153088188290928
TOBRADEX ST,Tobradex St,2465.0,316203.2199999999,2733.3,104.97975823014578,26.036447845572493
NOCDURNA,Nocdurna,312.0,198534.10000000006,311.0,23.138679072211936,13.440698106811594
ZEMBRACE SYMTOUCH,Zembrace Symtouch,3671.0,178288.8699999999,319.6,14.58358306037501,21.915053294987825
AMBISOME,Ambisome,144.0,6236.410000000001,0.0,0.9058252598591499,0.0
SOOLANTRA,Soolantra,245.0,88742.70000000001,28.0,14.67477064447447,1.9080366350081874
GALAFOLD,Galafold,69.0,13579.35,82.0,0.5490118559048667,149.3592517503102
YUPELRI,Yupelri,8971.0,756244.0900000001,65.0,17.63268546201932,3.6863358187843556
BALVERSA,Balversa,2113.0,91612.14000000001,11.0,5.523603490609817,1.9914535897987813
ALVESCO,Alvesco,673.0,51512.3,665.4,2224.064932006532,0.2991819125531024
DELSTRIGO,Delstrigo,1492.0,104084.11,836.0,108.78976573348525,7.684546375879188
STELARA,Stelara,15064.0,3514043.019999999,24740.700000000004,15574.04666327265,1.5885851978564138
PIQRAY,Piqray,1811.0,172903.15999999995,184.9,176.46578874831192,1.0477951636490717
COTEMPLA XR ODT,Cotempla Xr-Odt,643.0,48594.39,34.0,0.060239468483954645,564.4140105428756
ACIPHEX,Aciphex,70.0,1371.5299999999997,0.0,0.6240485466577407,0.0
EQUETRO,Equetro,178.0,104271.18,939.4000000000001,6.31263063159032,148.81276203599768
ZERVIATE,Zerviate,2354.0,371207.45999999996,11470.000000000002,388.3705151316243,29.533652924482837
CYCLOSET,Cycloset,811.0,62834.87000000001,1512.8000000000002,72.1547162259336,20.966058479989904
ENSTILAR,Enstilar,4825.0,293808.8300000002,956.3,50.15818208460634,19.065683010339615
RUBRACA,Rubraca,512.0,36902.659999999996,276.0,78.7106405017676,3.50651447174797
FEMARA,Femara,1950.0,82130.89999999995,172.0,61.45295186305745,2.7988891466643784
CINRYZE,Cinryze,119.0,330302.6,33.0,6.45360615847961,5.113420185494306
OTREXUP,Otrexup,176.0,4825.79,724.2,102.3924235985066,7.072788928599621
ZYTIGA,Zytiga,62.0,6795.37,11.1,7.10322859775363,1.5626696856567919
ZELNORM,Zelnorm,535.0,12104.449999999997,17.0,1.803853175166344,9.4242703530637
MENACTRA,Menactra,195.0,3780.59,0.0,0.37485041862242274,0.0
GILOTRIF,Gilotrif,1193.0,104019.29000000004,312.0,103.96060709336342,3.001136764426583
TOSYMRA,Tosymra,3736.0,216829.82000000007,103.0,4.022894321809952,25.60345655653688
VAQTA,Vaqta,3763.0,75190.67000000003,21.0,15.921745404010467,1.3189508729809478
ALUNBRIG,Alunbrig,505.0,185716.57999999996,60.0,11.631651553676754,5.158338841489286
PEMAZYRE,Pemazyre,1466.0,344519.04999999993,52.0,36.14553709832898,1.438628505050046
ADZENYS XR ODT,Adzenys Xr-Odt,1496.0,99651.9,148.0,11.960404599054762,12.37416332986733
STEGLUJAN,Steglujan,17187.0,548043.2800000003,190.0,34.78114469187576,5.462729926895722
ONPATTRO,Onpattro,2648.0,493197.24999999994,198.0,7.920256506001802,24.9991903481863
VYEPTI,Vyepti,3557.0,922390.4500000002,344.6,30.77211291682826,11.198451043364967
TREPROSTINIL,Treprostinil,41.0,1460.6599999999999,0.0,0.12970567514421616,0.0
NEO SYNALAR,Neo-Synalar,193.0,43625.13999999999,0.0,0.017174756666116526,0.0
QUTENZA,Qutenza,3360.0,453744.82999999996,139.0,0.0,
CEQUA,Cequa,5539.0,1069627.2999999996,26092.5,16665.46919668799,1.565662490029713
BERINERT,Berinert,52.0,401.47999999999996,0.0,1.586555401509903,0.0
RITUXAN,Rituxan,842.0,46178.83,236.5,122.90488803438642,1.9242521903102165
BEPREVE,Bepreve,460.0,11505.919999999998,6677.199999999999,994.0580622206991,6.717112665515043
TECFIDERA,Tecfidera,351.0,497024.18000000005,8173.5,1363.390467759949,5.994981036818501
DUOBRII,Duobrii,3404.0,401943.2900000003,209.6,9.961942414943147,21.04007343844862
KRYSTEXXA,Krystexxa,6194.0,3102309.5600000015,1029.8,55.8726193879143,18.43121033668155
ONZETRA XSAIL,Onzetra Xsail,172.0,25725.17,24.0,0.32163850772322256,74.6179310738892
ULTOMIRIS,Ultomiris,2758.0,238366.2799999999,0.0,1.4844417638535252,0.0
ZOLPIMIST,Zolpimist,511.0,39761.340000000004,0.0,0.014985332640715106,0.0
PULMOZYME,Pulmozyme,29.0,701.9200000000001,0.0,0.0832938853378875,0.0
ILUMYA,Ilumya,5386.0,1609006.4699999995,291.19999999999993,2.4942955502121597e-14,1.1674638956687834e+16
REMODULIN,Remodulin,373.0,175431.13999999998,140.5,2.6395651164998517,53.22846522017518
VABOMERE,Vabomere,791.0,38410.00000000002,0.0,0.18016246539981468,0.0
XEMBIFY,Xembify,901.0,159956.54999999993,85.0,47.465416647706284,1.7907774966114731
REDITREX,Reditrex,144.0,3323.1899999999996,0.0,0.533389440105518,0.0
AMZEEQ,Amzeeq,2399.0,459727.39000000013,149.0,0.010271403586755615,14506.293978373798
SYMPAZAN,Sympazan,455.0,63645.770000000004,262.5,7.455699863836983,35.20796233673865
NERLYNX,Nerlynx,1885.0,538818.5600000003,187.0,50.38698785232071,3.711275628304644
AKYNZEO,Akynzeo,78.0,6332.29,0.0,2.6185657643233275,0.0
ILARIS,Ilaris,383.0,111674.03000000003,0.0,18.777114452991484,0.0
LYBALVI,Lybalvi,5667.0,4992307.239999998,91.0,0.0,
ORIAHNN,Oriahnn,5670.0,1211648.6700000004,25.0,5.3735677720169335,4.652402474606999
TEPMETKO,Tepmetko,153.0,132903.48,0.0,0.568981476517279,0.0
SKYRIZI,Skyrizi,9451.0,4933156.809999994,271.5,113.81414333181388,2.385468027540906
ULTRAVATE,Ultravate,2117.0,139447.74999999994,94.0,0.0,
SILIQ,Siliq,424.0,101170.91000000002,442.0,25.38402901016838,17.41252343443757
TOBI PODHALER,Tobi Podhaler,33.0,6964.73,48.599999999999994,0.0413921213561023,1174.136488001842
BALCOLTRA,Balcoltra,2447.0,76194.48000000001,12.0,0.0,
MYCAPSSA,Mycapssa,207.0,168421.56999999998,161.0,4.154897633279945,38.749450458278545
QULIPTA,Qulipta,22223.0,622133.2900000002,102.0,0.0,
TALICIA,Talicia,5275.0,541310.2999999997,251.0,13.686516626960968,18.339217117199635
RECOMBIVAX HB,Recombivax Hb,34.0,566.0,0.0,0.0033535984161133115,0.0
GAVRETO,Gavreto,1036.0,159041.44999999995,0.0,1.1203146174855858,0.0
FETROJA,Fetroja,793.0,134632.44999999992,0.0,4.662910884454508,0.0
RAGWITEK,Ragwitek,1079.0,35005.869999999995,0.0,0.0010165501811612106,0.0
AIRDUO RESPICLICK,Airduo Respiclick,254.0,497490.89,0.0,0.10374748424959311,0.0
CINQAIR,Cinqair,540.0,192770.50999999995,12.0,10.065603722109287,1.192178862917261
ONEXTON,Onexton,539.0,16110.589999999997,18.0,1.8823231941644183,9.562651119533369
TRUMENBA,Trumenba,2512.0,60742.34,0.0,0.23971457482911646,0.0
TARGADOX,Targadox,556.0,38224.76000000001,0.0,0.4028034990166733,0.0
VIBATIV,Vibativ,240.0,56349.33999999999,12.0,1.0355371011788075,11.588189342844169
KLISYRI,Klisyri,569.0,269446.74,16.0,10.26967926136546,1.5579843919947927
ARMONAIR DIGIHALER,Armonair Digihaler,808.0,521819.69,0.0,1.8149196521548157,0.0
EDARBYCLOR,Edarbyclor,2332.0,57698.65999999999,16030.8,969.3721927927004,16.537301275185406
CALQUENCE,Calquence,1881.0,1455851.1399999994,9943.0,4256.045892460462,2.336206011691254
SYMTUZA,Symtuza,2151.0,844819.47,45950.9,4357.901866567494,10.544271396407849
OXTELLAR XR,Oxtellar Xr,1676.0,107905.16,3497.499999999999,1193.4674155480682,2.930536648454592
INCRUSE ELLIPTA,Incruse Ellipta,39.0,708.9200000000001,597.0,791.5373128265979,0.7542284998139877
INVOKANA,Invokana,5197.0,230324.56000000003,22328.9,11378.126593873301,1.9624408127101771
TAGRISSO,Tagrisso,2494.0,1523236.2199999995,9015.8,4362.272208613089,2.066766943658113
ALPHAGAN P,Alphagan P,398.0,78830.91000000005,51249.70000000001,28150.7752688253,1.820543111533944
IBRANCE,Ibrance,2100.0,444301.81000000006,23065.1,17876.911834916646,1.2902172485378565
DRIZALMA SPRINKLE,Drizalma Sprinkle,1229.0,116592.18,2401.2,147.24818714121434,16.307161715323495
LOKELMA,Lokelma,8591.0,2494436.8600000003,54377.39999999999,19396.285950183094,2.803495480509076
UBRELVY,Ubrelvy,54754.0,19138170.81999998,64174.0,13410.26782459735,4.785437609403365
KINERET,Kineret,451.0,30100.600000000006,238.0,141.847788703754,1.6778548483195448
TYSABRI,Tysabri,3330.0,2739486.7199999983,3154.7,521.3296165655348,6.051257975295619
ARISTADA,Aristada,7925.0,12001210.259999996,40300.7,4394.4978016799105,9.170717979331794
ZUBSOLV,Zubsolv,1092.0,37957.409999999996,7517.5,290.54996590213113,25.87334669497843
STEGLATRO,Steglatro,22964.0,859668.8599999994,5693.0,1537.715832883578,3.7022445098482786
JUBLIA,Jublia,2210.0,321797.5299999998,2809.5,637.4913137599427,4.407118872615668
SPIRIVA RESPIMAT,Spiriva Respimat,16582.0,835370.8700000003,319278.7000000001,233251.42978176614,1.3688177615833803
XYREM,Xyrem,341.0,26651.11,1080.0,116.93997723139847,9.235507185561682
GRALISE,Gralise,6160.0,198358.30000000005,6539.499999999999,522.7957032983786,12.508710302593416
AFINITOR,Afinitor,365.0,8383.990000000002,71.0,16.935405714935456,4.192400300004894
MYRBETRIQ,Myrbetriq,21359.0,1100391.659999999,1578515.4999999984,885655.7904976641,1.7823126286037212
HETLIOZ,Hetlioz,5876.0,392506.5999999999,1040.0,65.327440270542,15.919803312253237
TAVALISSE,Tavalisse,1355.0,717258.9200000003,211.0,47.331008027710624,4.457965481666204
PREVYMIS,Prevymis,73.0,15867.570000000002,12.0,0.6857725401154922,17.498513425426832
ALREX,Alrex,705.0,22800.060000000005,1871.8,447.8734640092486,4.17930542980628
JANUVIA,Januvia,25014.0,921573.2800000003,1410932.7999999996,1063033.6735169878,1.3272700904497285
TRULICITY,Trulicity,43232.0,6526904.130000001,1679424.7999999973,1033068.9800920598,1.625665693543851
TREMFYA,Tremfya,8792.0,4727304.049999996,10096.300000000003,1662.4140177561474,6.073276507634085
GLASSIA,Glassia,2344.0,267037.08,2199.0,279.20295301029796,7.875991196693731
STIOLTO RESPIMAT,Stiolto Respimat,17756.0,919052.3700000001,203013.80000000002,106684.02055702328,1.9029447797337922
RHOPRESSA,Rhopressa,5191.0,1938896.0700000024,203243.9999999999,98926.28649767306,2.0544994378696364
VYNDAMAX,Vyndamax,49.0,575.9499999999999,0.0,31.98485034176437,0.0
WAKIX,Wakix,2707.0,889351.73,2312.0,121.20632167063417,19.074912662415617
RYBELSUS,Rybelsus,59998.0,14844335.799999993,195034.5,52555.13649060544,3.711045447191706
UNITHROID,Unithroid,2580.0,89430.87000000002,40884.39999999998,4624.03415838946,8.841716691435497
LONSURF,Lonsurf,1049.0,182603.5600000001,368.0,201.7687869923103,1.823869813986764
KEVEYIS,Keveyis,1245.0,37095.24999999999,60.0,7.496713073854391,8.003507591781334
ENSPRYNG,Enspryng,1097.0,282851.3199999999,130.4,17.358226297571775,7.512288281334454
CRESEMBA,Cresemba,547.0,43742.63999999999,375.79999999999995,56.742453783261304,6.62290709942577
FASENRA,Fasenra,8338.0,2889853.040000001,4047.1000000000004,804.9052289047289,5.028045358218225
MYALEPT,Myalept,182.0,15318.809999999998,48.3,0.5851812246104745,82.53853331017389
OXBRYTA,Oxbryta,1086.0,466164.88000000006,1810.0,79.94662525468968,22.64010512305928
ZIEXTENZO,Ziextenzo,41.0,7892.66,0.0,0.7498986170355486,0.0
PERTZYE,Pertzye,97.0,6671.17,105.0,0.30304770972071055,346.4800974630966
JORNAY PM,Jornay Pm,1531.0,230773.27000000002,169.0,0.7529929385966605,224.43769567741535
HYQVIA,Hyqvia,745.0,45948.219999999994,441.0,149.97951239159428,2.940401611978545
ENDARI,Endari,284.0,27909.38,290.0,5.292969181893565,54.789663425973735
TUKYSA,Tukysa,2366.0,901045.8400000001,367.0,217.63491029848674,1.686310341923815
INQOVI,Inqovi,1004.0,284481.8,396.0,152.98743459944538,2.5884478750612083
LICART,Licart,2215.0,86587.74999999999,1546.0,0.45061861453863716,3430.839184446168
XOFLUZA,Xofluza,12806.0,542069.5099999998,271.0,3.8523621130612344,70.34645031971125
REGRANEX,Regranex,728.0,20253.020000000004,126.0,0.0036789103571733786,34249.271595954226
IMFINZI,Imfinzi,2182.0,1566818.0299999996,271.0,47.852237063592014,5.663267103685485
ENBREL,Enbrel,5919.0,1634024.5299999998,26665.499999999996,33673.094551476934,0.7918933604167492
FANAPT,Fanapt,4442.0,322840.76999999984,11318.7,2402.4988956416364,4.711219647398469
TEPEZZA,Tepezza,3167.0,1260111.7899999998,291.0,10.736014529466432,27.105030381740956
ONUREG,Onureg,1184.0,601737.9800000001,116.0,38.87140882026995,2.984198502718287
MOZOBIL,Mozobil,46.0,60551.96,23.0,0.10516759130517034,218.69855261075332
REZUROCK,Rezurock,47.0,4316.54,33.0,0.148023420235535,222.93769423440136
UPTRAVI,Uptravi,4745.0,1620913.3699999999,14554.2,2277.702552924985,6.389859809091296
TYMLOS,Tymlos,5489.0,507177.93999999994,20669.3,3317.1844853968437,6.230976929679953
VPRIV,Vpriv,149.0,2975.89,12.0,0.08159648196079375,147.0651639829996
HEMADY,Hemady,145.0,3134.9300000000003,0.0,0.5482809092113099,0.0
CUTAQUIG,Cutaquig,1581.0,134947.86000000004,143.0,0.37781163830590003,378.49548690773315
ACTIMMUNE,Actimmune,359.0,57999.69,12.0,2.117259232888369,5.6677046502376465
BOTOX,Botox,12818.0,7500840.129999999,65347.99999999999,11887.278331345047,5.497305453653482
NEXLIZET,Nexlizet,5811.0,5039795.63,11147.0,463.91776119845326,24.027965584252705
ODOMZO,Odomzo,1890.0,101930.32999999999,222.0,55.43458516929728,4.004720145772026
THIOLA,Thiola,1675.0,67760.75999999994,35.0,35.59491045223206,0.9832866428184889
CLENPIQ,Clenpiq,594.0,17083.98,7862.0,2019.5118913796607,3.8930199091964512
GIVLAARI,Givlaari,6502.0,331291.05999999994,11.0,0.8149593963624712,13.497604971607085
COMBIGAN,Combigan,680.0,358566.83000000025,129464.89999999998,73759.90132271398,1.755220623649776
ISENTRESS,Isentress,1508.0,76086.04999999999,16151.0,5681.239324655478,2.842865627911112
VEMLIDY,Vemlidy,542.0,813320.2300000001,25536.0,613.3333266979778,41.63478305912216
GAMMAPLEX,Gammaplex,248.0,19453.76,226.0,35.31149933665653,6.400181364301106
NARCAN,Narcan,150.0,13762.43,2772.2,375.31051937908853,7.386416998346625
SIVEXTRO,Sivextro,1488.0,31328.499999999996,78.0,1.5344722921309428,50.83180739072214
GOCOVRI,Gocovri,2050.0,697434.1999999997,14646.000000000002,2889.856413834983,5.068071870243557
PREZISTA,Prezista,38.0,2169.98,603.0,112.92350486209237,5.339898019782619
ANDROGEL,Androgel,87.0,2405.85,0.0,2.1541111795608208,0.0
LYNPARZA,Lynparza,5586.0,2283285.95,5398.0,2923.5779814951225,1.8463677159175533
REMICADE,Remicade,9673.0,703025.9199999999,3514.500000000001,1786.003719463564,1.9678010530994863
AVONEX,Avonex,1386.0,527149.1100000003,4218.7,1862.7460435158018,2.2647746399383037
LENVIMA,Lenvima,3528.0,1307152.7,2777.7,1083.3065844459165,2.56409407999742
MYOBLOC,Myobloc,895.0,96351.20000000004,171.6,27.12861699796467,6.32542381400697
STIVARGA,Stivarga,1316.0,118283.99999999999,193.39999999999998,78.90971517113444,2.4509022695186036
KISQALI,Kisqali,2111.0,487124.63999999996,1787.2999999999997,654.7819670957648,2.729610908387462
BRUKINSA,Brukinsa,1743.0,1024481.4699999999,904.0,250.73157490437572,3.6054493748733822
SPRAVATO,Spravato,7401.0,1629289.64,14179.8,1122.499894320713,12.632339719355592
EMFLAZA,Emflaza,26.0,2638.2799999999997,0.0,0.36055666999595604,0.0
SUBSYS,Subsys,91.0,3997.62,62.0,0.6885660877149434,90.04219218194655
NIVESTYM,Nivestym,28.0,775.0,0.0,1.0392464549847935,0.0
RETEVMO,Retevmo,2210.0,107417.81999999996,59.0,86.54469686756536,0.6817286573928901
ORGOVYX,Orgovyx,6890.0,1267567.5699999991,10487.8,1811.2691851013724,5.790304437500284
BENLYSTA,Benlysta,4762.0,2136743.1799999997,13813.900000000001,5957.243331685152,2.31884098581758
VYNDAQEL,Vyndaqel,10014.0,1154284.0699999994,686.0,853.2762955957323,0.8039599875689211
QBREXZA,Qbrexza,1545.0,52688.729999999996,82.0,3.780647030950534,21.68940906905649
CUVITRU,Cuvitru,1916.0,299017.37999999983,1251.0,341.973060612019,3.658182892421767
ARISTADA INITIO,Aristada Initio,7921.0,3063953.0399999996,106.0,3.7074517093107957,28.591066940614336
VITRAKVI,Vitrakvi,1022.0,233916.93999999992,12.0,1.9933962233284779,6.019876961521966
LOTEMAX SM,Lotemax Sm,2685.0,344436.83999999997,46165.59999999998,4846.640526903338,9.52527833325748
BAQSIMI,Baqsimi,3707.0,348289.77999999997,3048.500000000001,1272.381346733642,2.3959012035392315
FOTIVDA,Fotivda,802.0,182328.97999999998,42.0,5.605534386328979,7.492595193498666
GRASTEK,Grastek,1028.0,33673.719999999994,12.0,12.53727735946055,0.9571456111198559
NPLATE,Nplate,1893.0,166831.95999999996,196.0,103.66612851231788,1.8906850560808852
GLYDO,Glydo,105.0,1675.66,0.0,5.534008889174163,0.0
SARCLISA,Sarclisa,1957.0,1161992.6700000006,137.0,6.467655300093668,21.182328625029832
VECTIBIX,Vectibix,64.0,5860.759999999999,0.0,0.2833920741251958,0.0
KLOXXADO,Kloxxado,431.0,8389.82,0.0,0.26825107126317727,0.0
ARAZLO,Arazlo,2798.0,431724.19000000024,11.0,2.7694903668078994,3.9718498868362357
LOTEMAX,Lotemax,112.0,7831.7,1247.6000000000001,247.10870623554845,5.0487901418202785
ENTYVIO,Entyvio,5837.0,1033994.7800000007,1879.2999999999995,856.6540350730445,2.193767755777578
FINTEPLA,Fintepla,448.0,74894.39999999998,52.0,1.2514118409872266,41.55306694155755
TRELSTAR,Trelstar,200.0,13447.729999999998,3432.2000000000003,147.60521073604346,23.252566646428676
THYQUIDITY,Thyquidity,1431.0,68431.17,0.0,0.28384913843765436,0.0
XIAFLEX,Xiaflex,4070.0,655925.93,504.79999999999995,107.89372120294675,4.678678187866719
RECARBRIO,Recarbrio,1252.0,51510.37,0.0,0.7937700399494091,0.0
DYSPORT,Dysport,499.0,346461.7600000001,1024.6,9.231895161124326,110.9847958753484
KADCYLA,Kadcyla,694.0,137067.53999999998,13.0,20.423449853225407,0.6365232168622557
OGIVRI,Ogivri,129.0,3021.0,0.0,3.2619012408775814,0.0
TALZENNA,Talzenna,1191.0,198114.24000000008,0.0,11.570353515982076,0.0
ESBRIET,Esbriet,1247.0,107024.20999999999,10627.7,5536.59599544193,1.9195368433509297
NEXIUM,Nexium,44.0,1657.13,0.0,22.195086091256105,0.0
KERENDIA,Kerendia,21331.0,3455430.0200000005,1885.0,1.5896368797653544,1185.805402475466
NAFTIN,Naftin,371.0,8046.720000000001,52.0,10.031280824418804,5.183784694115848
TAKHZYRO,Takhzyro,1185.0,212491.04000000007,1763.3,384.2858271549707,4.588511663452306
XERAVA,Xerava,444.0,88204.96,88.0,2.5237250496453596,34.8690916280147
BIJUVA,Bijuva,629.0,17044.040000000005,90.0,5.342883345663154,16.844837174491836
RENFLEXIS,Renflexis,685.0,16474.579999999998,71.8,10.579077442249076,6.786981227045026
YONSA,Yonsa,410.0,30431.62,181.0,18.275342219217066,9.904055301885023
MINOCIN,Minocin,121.0,3923.76,0.0,0.16740407175131236,0.0
OZURDEX,Ozurdex,1066.0,583173.5199999997,210.6,4.261198892866782,49.42271067246896
TURALIO,Turalio,64.0,79715.12,0.0,0.034798611362325635,0.0
SLYND,Slynd,2760.0,88195.56999999993,58.0,12.293116897478967,4.718087404821999
TAZVERIK,Tazverik,1598.0,631147.8300000001,51.0,6.841002282431296,7.455047943921248
BEXSERO,Bexsero,5543.0,209383.00000000017,0.0,4.959589486693169,0.0
EYLEA,Eylea,1674.0,1902656.0899999985,6695.0,275.243331392622,24.323931722981108
BLINCYTO,Blincyto,626.0,150192.7,27.0,0.0,
VALCHLOR,Valchlor,728.0,98356.60999999997,197.0,18.38110883992216,10.717525352558342
CONTRAVE,Contrave,5339.0,236039.5300000001,14.0,0.06399727786850998,218.75930455611982
AIRDUO DIGIHALER,Airduo Digihaler,5159.0,180351.15000000002,0.0,0.1535990762940535,0.0
LIBTAYO,Libtayo,5570.0,2875087.13,71.0,10.403569717067477,6.824580594055291
AYVAKIT,Ayvakit,710.0,100443.87999999998,0.0,1.3965935590493497,0.0
DURYSTA,Durysta,3969.0,1387455.990000001,23.0,0.0,
WELIREG,Welireg,1206.0,93473.90999999999,0.0,0.013796921856046716,0.0
CLINDACIN ETZ,Clindacin Etz,134.0,22456.58,0.0,0.0026322768512515244,0.0
RHOFADE,Rhofade,1842.0,101065.36000000006,211.5,17.883429131951164,11.826590886986358
ORALAIR,Oralair,49.0,1091.6100000000001,0.0,0.28521615733236905,0.0
POTELIGEO,Poteligeo,910.0,117742.41,26.0,0.0,
OPZELURA,Opzelura,4963.0,564194.16,134.1,0.0,
SYNAGIS,Synagis,230.0,5655.679999999999,0.0,0.013968561167481408,0.0
