generic_name_key,generic_name,example_brand_name,n_brand_products,is_single_brand_equivalent,brand_premium_per_fill,n_paid_prescriber_cells,paid_total_fills,observed_brand_fills,expected_brand_fills,net_excess_brand_fills,estimated_savings_usd,savings_rank,share_of_headline_savings
DIMETHYL FUMARATE,Dimethyl Fumarate,Tecfidera,1,True,5362.764449899705,2198.0,73559.4,45668.399999999994,38662.67720097197,7005.722799028028,37570041.172479376,1,0.29280724702373095
SEVELAMER CARBONATE,Sevelamer Carbonate,Renvela,1,True,1065.6569179690594,8600.0,703865.9000000003,70535.9,55648.07655484255,14887.82344515746,15865312.047833996,2,0.12364847625723624
AMBRISENTAN,Ambrisentan,Letairis,1,True,6546.273130514351,1236.0,48904.3,7681.5,5790.404170082785,1891.0958299172155,12379629.8186148,3,0.09648233574512938
DALFAMPRIDINE,Dalfampridine,Ampyra,1,True,2727.405629081395,1969.0,100283.4,10126.2,5928.78429307524,4197.4157069247585,11448055.22666125,4,0.08922198193250211
ABIRATERONE ACETATE,Abiraterone Acetate,Zytiga,1,True,7356.378330598548,3281.0,124891.3,5288.4,3734.4223770059234,1553.9776229940765,11431647.312028661,5,0.08909410460889439
PREDNISONE,Prednisone,Rayos,1,True,4020.634908573177,118563.0,8481412.600000001,2393.5,325.0822421037787,2068.417757896221,8316352.6429102095,6,0.06481463013228761
SOFOSBUVIR VELPATASVIR,Sofosbuvir/Velpatasvir,Epclusa,1,True,16146.53864908356,527.0,11418.699999999999,10298.6,9891.903102093598,406.69689790640257,6566747.18050812,7,0.05117884100786942
BOSENTAN,Bosentan,Tracleer,1,True,7265.099904730631,331.0,6155.0,1238.0,442.6291478754678,795.3708521245322,5778448.70199546,8,0.04503512915334618
ESOMEPRAZOLE MAGNESIUM,Esomeprazole Magnesium,Nexium,1,True,292.0430106332119,47697.0,2960795.9000000022,59563.5,42301.59563196947,17261.90436803054,5041218.5209022295,9,0.039289425049437963
IMATINIB MESYLATE,Imatinib Mesylate,Gleevec,1,True,7123.576496359762,2924.0,66529.7,3938.3,3364.516569536201,573.7834304637983,4087390.1592525886,10,0.03185563344336515
RIVASTIGMINE,Rivastigmine,Exelon,1,True,455.2388393879223,7327.0,290668.50000000006,20339.4,13827.921087926994,6511.478912073004,2964278.1026310446,11,0.023102506240528696
TETRABENAZINE,Tetrabenazine,Xenazine,1,True,19119.48605170452,508.0,9310.4,207.1,95.30080894462309,111.79919105537691,2137543.073975127,12,0.0166592338829741
ATORVASTATIN CALCIUM,Atorvastatin Calcium,Lipitor,1,True,408.3350974051634,152377.0,78622935.49999994,10514.1,5500.193785204886,5013.9062147951145,2047353.882598717,13,0.01595633210235089
OLMESARTAN MEDOXOMIL,Olmesartan Medoxomil,Benicar,1,True,301.9766648798623,37957.0,3268560.1999999997,11415.9,5602.622856351718,5813.277143648283,1755474.04386124,14,0.01368152671552434
AMLODIPINE BESYLATE,Amlodipine Besylate,Norvasc,1,True,274.6277218267386,148312.0,57191388.80000014,9532.5,3375.6813689243877,6156.818631075613,1690833.0743527154,15,0.013177738491288895
TESTOSTERONE ENANTHATE,Testosterone Enanthate,Xyosted,1,True,510.7479732722583,428.0,12060.499999999998,10620.399999999998,8311.60051605721,2308.7994839427915,1179214.6571158164,16,0.009190370482027574
PALIPERIDONE,Paliperidone,Invega,1,True,746.3792750809048,5906.0,197993.20000000004,31142.199999999993,29838.68050260207,1303.5194973979283,972919.937521691,17,0.0075825844100725695
RANOLAZINE,Ranolazine,Ranexa,1,True,407.2257070425938,16874.0,1213437.9999999998,5536.5,3148.1690803248744,2388.3309196751266,972589.7474163914,18,0.007580011028391048
DROXIDOPA,Droxidopa,Northera,1,True,6892.114314033788,373.0,9316.300000000001,2730.8,2594.507630986696,136.2923690133046,939342.5873701717,19,0.007320894745824342
OLMESARTAN HYDROCHLOROTHIAZIDE,Olmesartan/Hydrochlorothiazide,Benicar Hct,1,True,296.8413737480123,14813.0,908890.4000000001,6675.0,3531.248079395457,3143.751920604543,933195.6388352043,20,0.007272987662894691
LORAZEPAM,Lorazepam,Ativan,1,True,3493.483646417741,79089.0,4727269.1,1744.2000000000003,1484.0451569334184,260.15484306658135,908846.6897894759,21,0.007083220803037658
RUFINAMIDE,Rufinamide,Banzel,1,True,1591.0240625000743,414.0,9993.0,8111.599999999999,7584.04986729512,527.5501327048798,839344.9553085712,22,0.006541549543128709
BROMOCRIPTINE MESYLATE,Bromocriptine Mesylate,Cycloset,1,True,356.0357024402159,736.0,16926.600000000002,2990.3999999999996,1047.9562867963682,1942.4437132036317,691579.3118810363,23,0.0053899178199140856
TERIPARATIDE,Teriparatide,Forteo,1,True,1213.8871171867881,1739.0,40927.9,39398.600000000006,38833.62362940414,564.9763705958607,685817.5377812638,24,0.005345012646550506
SERTRALINE HCL,Sertraline Hcl,Zoloft,1,True,519.7784599708056,108057.0,13073312.899999965,3335.0,2024.8492856045864,1310.1507143954132,680988.1206580985,25,0.005307373924621206
VALSARTAN,Valsartan,Diovan,1,True,304.852563397737,42278.0,3358906.9999999995,9428.3,7320.676535146775,2107.6234648532236,642514.415937726,26,0.005007523852318697
MONTELUKAST SODIUM,Montelukast Sodium,Singulair,1,True,229.09448590247507,97614.0,14614504.799999971,4555.0,2050.1324235954926,2504.867576404508,573851.3496701695,27,0.004472388867671981
BRINZOLAMIDE,Brinzolamide,Azopt,1,True,72.53938020921984,3257.0,234762.7000000001,162791.2,155217.82810566906,7573.37189433095,549367.7033086926,28,0.004281572225888313
EZETIMIBE,Ezetimibe,Zetia,1,True,318.89200271606074,65115.0,7172287.999999996,3249.1,1562.5377937975995,1686.5622062024001,537831.1996411013,29,0.004191660908951535
NABUMETONE,Nabumetone,Relafen Ds,1,True,1892.746797835015,8109.0,362008.2,260.0,0.0,260.0,492114.1674371039,30,0.003835358974644544
ENTECAVIR,Entecavir,Baraclude,1,True,1171.3411633770916,1588.0,56838.700000000004,698.0,285.43696814580863,412.56303185419137,483252.06169846863,31,0.0037662909432242377
TRAVOPROST,Travoprost,Travatan Z,1,True,80.69419410389412,8879.0,649086.9999999995,41022.100000000006,35233.558354416666,5788.541645583345,467101.70312717726,32,0.0036404209179560732
DOXEPIN HCL,Doxepin Hcl,Silenor,1,True,460.01034982296835,18870.0,706556.4,1734.0,770.4106393332563,963.5893606667439,443261.0788859992,33,0.003454615756888003
ESCITALOPRAM OXALATE,Escitalopram Oxalate,Lexapro,1,True,429.7880729932618,98723.0,10621564.399999978,5439.099999999999,4464.368928578478,974.7310714215218,418927.7888729132,34,0.0032649709378405087
AMIODARONE HCL,Amiodarone Hcl,Pacerone,1,True,9.679038815844624,30696.0,2650989.5000000005,158252.99999999997,115942.22538650817,42310.77461349183,409527.6298124409,35,0.0031917095143715805
SOLIFENACIN SUCCINATE,Solifenacin Succinate,Vesicare,1,True,330.02491765273396,14876.0,762877.2,4110.900000000001,3020.6196100208426,1090.2803899791581,359819.6959212622,36,0.0028043039427062696
VALSARTAN HYDROCHLOROTHIAZIDE,Valsartan/Hydrochlorothiazide,Diovan Hct,1,True,326.2861721976651,27362.0,1861449.2000000004,2837.1000000000004,1762.7441094053224,1074.3558905946777,350547.4711201508,37,0.002732039592360352
FELBAMATE,Felbamate,Felbatol,1,True,2020.080339820523,505.0,12267.800000000003,1303.3999999999999,1146.768574898783,156.6314251012168,316408.06244503875,38,0.0024659694482450974
TENOFOVIR DISOPROXIL FUMARATE,Tenofovir Disoproxil Fumarate,Viread,1,True,1166.2094312012566,1594.0,53769.40000000001,968.7,704.4447583032169,264.25524169678306,308176.95511115604,39,0.0024018191890711337
MELOXICAM,Meloxicam,Mobic,1,True,379.38758847739575,94588.0,9948037.399999993,803.0,46.82915753281894,756.170842467181,286881.83240054455,40,0.0022358527418346002
FEBUXOSTAT,Febuxostat,Uloric,1,True,211.7798796337239,6576.0,239835.9,5667.299999999999,4333.476072877922,1333.8239271220782,282477.07073849457,41,0.002201523630239022
SILODOSIN,Silodosin,Rapaflo,1,True,206.64848499998675,3453.0,202165.9,4198.9,2910.7926687752547,1288.107331224745,266185.4285149697,42,0.0020745524915312947
VENLAFAXINE HCL,Venlafaxine Hcl,Effexor Xr,1,True,679.6925953621035,67587.0,4800051.400000002,5672.6,5288.075953940659,384.5240460593408,261358.14684521046,43,0.0020369304125497658
POSACONAZOLE,Posaconazole,Noxafil,1,True,2608.3141588520416,292.0,6223.500000000001,226.5,131.63743964801725,94.86256035198271,247431.35931103292,44,0.0019283900918446067
LOSARTAN POTASSIUM,Losartan Potassium,Cozaar,1,True,141.51829426467077,133623.0,39203362.10000003,3591.7,1874.0954097627227,1717.604590237277,243072.47183154823,45,0.0018944185069561385
EZETIMIBE SIMVASTATIN,Ezetimibe/Simvastatin,Vytorin,1,True,268.1166602900847,3618.0,133450.9,1819.7,972.0132610942255,847.6867389057744,227278.93740760922,46,0.0017713294394137906
CARVEDILOL,Carvedilol,Coreg,1,True,314.516035039319,110524.0,19486216.899999976,905.0,184.45348868988427,720.5465113101159,226623.43179867137,47,0.001766220666924547
COLESEVELAM HCL,Colesevelam Hcl,Welchol,1,True,255.04669186498737,4718.0,145964.40000000002,17938.000000000004,17063.98453017823,874.0154698217765,222914.7542168668,48,0.0017373165816763712
LISINOPRIL HYDROCHLOROTHIAZIDE,Lisinopril/Hydrochlorothiazide,Zestoretic,1,True,453.16396483623475,74010.0,8000932.199999997,585.0,93.27722147082383,491.72277852917614,222831.04391857123,49,0.0017366641740338314
CYCLOBENZAPRINE HCL,Cyclobenzaprine Hcl,Amrix,1,True,2904.5182240559952,74152.0,3729775.2000000007,94.0,18.33549148441908,75.6645085155809,219768.9438977448,50,0.0017127992793137723
CARISOPRODOL,Carisoprodol,Soma,1,True,888.4697927204002,8242.0,208028.9,496.0,255.02902919932146,240.97097080067857,214095.42847891242,51,0.0016685819620340702
ALFUZOSIN HCL,Alfuzosin Hcl,Uroxatral,1,True,750.5304973372641,9567.0,1045243.5000000001,521.0,236.43022425490335,284.56977574509676,213578.29531712102,52,0.0016645516141099445
LANTHANUM CARBONATE,Lanthanum Carbonate,Fosrenol,1,True,426.85445508108296,859.0,22891.4,685.1,192.64136479658706,492.4586352034128,210208.16237972656,53,0.0016382860227848726
LUBIPROSTONE,Lubiprostone,Amitiza,1,True,46.44078800061942,6385.0,173164.9,84520.49999999997,80002.77163043192,4517.728369568116,209806.86545549682,54,0.0016351584603985722
DONEPEZIL HCL,Donepezil Hcl,Aricept,1,True,527.3165754145671,63946.0,7111777.899999996,536.3,186.60780216293006,349.6921978370699,184398.49221263698,55,0.0014371348333698387
AMLODIPINE BESYLATE BENAZEPRIL,Amlodipine Besylate/Benazepril,Lotrel,1,True,336.61919556186524,30326.0,2083649.3999999997,1110.8,564.3598321785495,546.4401678214505,183942.2497147473,56,0.0014335790451510022
TAMSULOSIN HCL,Tamsulosin Hcl,Flomax,1,True,344.68348857108504,102970.0,22781244.19999999,1501.0,983.990836066442,517.0091639335578,178204.52224783873,57,0.0013888612825048274
FROVATRIPTAN SUCCINATE,Frovatriptan Succinate,Frova,1,True,1922.0141904734346,133.0,2212.7,114.0,25.33330722307625,88.66669277692375,170418.6417395958,58,0.00132818095940355
PIOGLITAZONE HCL,Pioglitazone Hcl,Actos,1,True,476.8494106487315,39154.0,3970733.0999999996,528.0,176.48568468210772,351.5143153178924,167619.39409392924,59,0.0013063646405684862
CINACALCET HCL,Cinacalcet Hcl,Sensipar,1,True,805.4946578841866,3694.0,133322.8,884.4000000000001,679.7826569538015,204.61734304619864,164818.176734169,60,0.0012845329704976188
ANASTROZOLE,Anastrozole,Arimidex,1,True,1574.8340602761627,12906.0,2016185.6,444.7,340.5831310588535,104.11686894114642,163966.7914578267,61,0.0012778975830681012
TELMISARTAN,Telmisartan,Micardis,1,True,227.02176204309623,16402.0,1167526.7,1764.0,1116.7454300165073,647.2545699834933,146940.87296809914,62,0.0011452037619955977
ATENOLOL,Atenolol,Tenormin,1,True,571.0417249254504,80489.0,8858272.099999996,494.0,255.2160131384658,238.78398686153415,136355.61974198656,63,0.00106270614529196
RILUZOLE,Riluzole,Tiglutik,1,True,3355.370717118546,354.0,16796.100000000002,230.0,191.55269383963918,38.44730616036081,129004.96524256619,64,0.0010054178155316379
LOSARTAN HYDROCHLOROTHIAZIDE,Losartan/Hydrochlorothiazide,Hyzaar,1,True,155.03735243891728,66112.0,6589729.2,1567.3,763.3752798037689,803.9247201962311,124638.36017942104,65,0.0009713860826008793
SIMVASTATIN,Simvastatin,Zocor,1,True,224.20269666310693,108295.0,24883649.30000001,716.1,175.73700676293063,540.3629932370691,121150.84026069914,66,0.0009442056198046499
EXEMESTANE,Exemestane,Aromasin,1,True,998.9249313929186,3490.0,190812.00000000003,288.0,173.11871543460688,114.88128456539312,114757.77930281569,67,0.0008943804260940833
PRASUGREL HCL,Prasugrel Hcl,Effient,1,True,423.4729294273599,5507.0,296810.39999999997,368.0,98.57062396120082,269.42937603879915,114096.047144936,68,0.0008892231261452678
TIMOLOL MALEATE,Timolol Maleate,Istalol,1,True,267.6415603102796,18065.0,3127349.9,731.3,328.98933442374334,402.3106655762566,107675.05426429646,69,0.000839180241179886
TRANYLCYPROMINE SULFATE,Tranylcypromine Sulfate,Parnate,1,True,1366.9450335551937,194.0,3346.1000000000004,127.1,50.23461623733427,76.86538376266573,105070.75458668996,70,0.0008188832759590085
PIMECROLIMUS,Pimecrolimus,Elidel,1,True,876.6277997267714,641.0,12610.8,171.0,54.9470745238017,116.0529254761983,101735.22071205467,71,0.0007928873371549334
LETROZOLE,Letrozole,Femara,1,True,688.3657069869394,7981.0,967238.3,438.0,295.0645794480917,142.9354205519083,98391.84182168983,72,0.0007668302571493332
VALGANCICLOVIR HCL,Valganciclovir Hcl,Valcyte,1,True,4924.97164020887,752.0,35460.2,26.0,6.048654253409838,19.951345746590157,98259.81198595838,73,0.0007658012645925234
NORTRIPTYLINE HCL,Nortriptyline Hcl,Pamelor,1,True,2380.1715449668227,18369.0,777889.7,115.0,74.3376967990937,40.66230320090629,96783.25703161051,74,0.0007542935318946271
LEFLUNOMIDE,Leflunomide,Arava,1,True,1344.7117503005495,4736.0,610365.0000000003,107.0,35.1811073394121,71.8188926605879,96575.70885426644,75,0.0007526759768285064
TELMISARTAN HYDROCHLOROTHIAZID,Telmisartan/Hydrochlorothiazid,Micardis Hct,1,True,163.73477091741736,3916.0,192229.39999999997,1103.0,519.0702373323501,583.9297626676499,95609.60592224954,76,0.0007451465216818711
LOVASTATIN,Lovastatin,Altoprev,1,True,878.8348197102819,44869.0,3725292.0000000014,194.0,87.1821899330364,106.8178100669636,93875.21085204708,77,0.0007316292768264271
NAPROXEN ESOMEPRAZOLE MAG,Naproxen/Esomeprazole Mag,Vimovo,1,True,689.4890176606054,407.0,27600.6,1214.4,1079.6779565394875,134.72204346051282,92889.36940281831,78,0.000723945986850104
RALOXIFENE HCL,Raloxifene Hcl,Evista,1,True,157.88446555356333,13095.0,763600.5000000002,903.0,318.8940135866759,584.1059864133241,92221.26149150463,79,0.0007187389965961291
ADEFOVIR DIPIVOXIL,Adefovir Dipivoxil,Hepsera,1,True,892.4801488610113,104.0,1444.0,109.0,5.733692469844245,103.26630753015574,92163.12951684039,80,0.0007182859371121816
FONDAPARINUX SODIUM,Fondaparinux Sodium,Arixtra,1,True,2907.691368690337,213.0,3607.7,48.0,16.609705927231293,31.390294072768707,91273.28713604105,81,0.000711350828986781
METOPROLOL TARTRATE,Metoprolol Tartrate,Lopressor,1,True,170.436120296909,115338.0,20959951.799999997,549.0,22.727666514606575,526.2723334853937,89695.81473885155,82,0.0006990565824152513
ERLOTINIB HCL,Erlotinib Hcl,Tarceva,1,True,5634.697525988509,182.0,2680.3,15.0,0.0,15.0,84520.46288982764,83,0.0006587217709537748
RASAGILINE MESYLATE,Rasagiline Mesylate,Azilect,1,True,738.3864072556977,2754.0,186464.8,417.0,303.41289182229576,113.5871081777042,83871.1767178993,84,0.0006536614704962875
ALOSETRON HCL,Alosetron Hcl,Lotronex,1,True,2628.1214593374452,273.0,5084.1,98.0,70.0814574945456,27.91854250545441,73373.32067200934,85,0.0005718449956530257
FUROSEMIDE,Furosemide,Lasix,1,True,37.53163230458912,132557.0,24975857.00000004,2443.7999999999997,609.8877592914656,1833.9122407085347,68829.71989715783,86,0.0005364338224698113
NIFEDIPINE,Nifedipine,Procardia Xl,1,True,290.08379203030876,44581.0,3343542.999999999,583.5,356.09620091085725,227.40379908914267,65966.15636187697,87,0.0005141162489650656
VARENICLINE TARTRATE,Varenicline Tartrate,Chantix,1,True,75.90613175566864,1903.0,32405.1,30883.699999999997,30060.52803430353,823.1719656964715,62483.79968572913,88,0.00048697602660500934
LANSOPRAZOLE,Lansoprazole,Prevacid,1,True,510.2076707036524,19861.0,866476.8999999999,3046.6,2941.649223410361,104.95077658963898,53546.69126233906,89,0.00041732345151753976
CARBIDOPA,Carbidopa,Lodosyn,1,True,4743.300061116946,264.0,6684.1,11.0,0.0,11.0,52176.30067228641,90,0.0004066431252922262
NADOLOL,Nadolol,Corgard,1,True,174.54173918724746,3404.0,109483.20000000001,395.5,111.05428384182606,284.445716158174,49647.65000260981,91,0.00038693574094644914
TIZANIDINE HCL,Tizanidine Hcl,Zanaflex,1,True,274.61924948571595,61142.0,4562656.300000001,356.3,175.563193995651,180.736806004349,49633.80601935976,92,0.0003868278459722414
BETAXOLOL HCL,Betaxolol Hcl,Betoptic S,1,True,180.42213868354625,428.0,17602.2,3612.7999999999997,3338.764540841099,274.03545915890004,49442.06361657629,93,0.00038533347536883974
DIFLUPREDNATE,Difluprednate,Durezol,1,True,53.70067148063748,2838.0,162408.99999999997,159366.9,158474.04093169604,892.8590683039598,47947.13150549901,94,0.000373682517790104
ARMODAFINIL,Armodafinil,Nuvigil,1,True,920.3220212645883,2348.0,54255.6,992.6,943.8847672151074,48.71523278489277,44833.70150296738,95,0.0003494175758472093
ONDANSETRON,Ondansetron,Zuplenz,1,True,2467.316185967308,34351.0,857621.5999999999,18.0,0.0,18.0,44411.69134741154,96,0.00034612858206364974
LIOTHYRONINE SODIUM,Liothyronine Sodium,Cytomel,1,True,82.3605828794085,8564.0,592256.9,3063.0,2531.0017292870393,531.9982707129608,43815.687666756785,97,0.00034148354597898436
NAPROXEN SODIUM,Naproxen Sodium,Naprelan,1,True,624.9341795496314,795.0,21652.7,69.0,0.0,69.0,43120.45838892456,98,0.0003360651816509339
CHLORZOXAZONE,Chlorzoxazone,Lorzone,1,True,338.756476084694,1206.0,31484.0,125.0,0.0,125.0,42344.55951058675,99,0.0003300181077738545
PRAVASTATIN SODIUM,Pravastatin Sodium,Pravachol,1,True,150.5793475669076,93106.0,14553113.699999984,276.0,0.0,276.0,41559.8999284665,100,0.00032390275615534953
LITHIUM CARBONATE,Lithium Carbonate,Lithobid,1,True,822.9349829676761,13126.0,664881.3999999994,372.4,324.79986777058474,47.600132229415344,39171.81400547307,101,0.00030529088236054406
METHOCARBAMOL,Methocarbamol,Robaxin,1,True,2723.0649545781775,22204.0,751569.3,12.9,0.0,12.9,35127.53791405849,102,0.0002737712642931985
DRONABINOL,Dronabinol,Marinol,1,True,2595.7736826817227,1602.0,33027.299999999996,13.0,0.0,13.0,33745.057874862396,103,0.00026299671729486325
NAFTIFINE HCL,Naftifine Hcl,Naftin,1,True,223.45793207537292,162.0,7622.0,536.3,396.1203990412393,140.17960095876074,31324.24374939562,104,0.00024412977178421216
CANDESARTAN HYDROCHLOROTHIAZID,Candesartan/Hydrochlorothiazid,Atacand Hct,1,True,184.485387444989,1501.0,97206.40000000002,293.0,129.5571559962445,163.44284400375557,30152.81640114372,105,0.00023500009275737087
GLIMEPIRIDE,Glimepiride,Amaryl,1,True,174.1218107413715,57040.0,7380555.099999999,468.7,305.2293966644663,163.47060333553378,28463.797455767617,106,0.00022183649292802673
MYCOPHENOLATE MOFETIL,Mycophenolate Mofetil,Cellcept,1,True,1504.8323299553983,6593.0,306905.99999999994,618.6,601.3953600443198,17.20463995568033,25890.098430550213,107,0.0002017780180708421
MIRTAZAPINE,Mirtazapine,Remeron,1,True,162.11583412806635,66046.0,4978921.800000003,564.0,404.50739490923814,159.4926050907619,25856.27671154714,108,0.00020151442388457452
ATENOLOL CHLORTHALIDONE,Atenolol/Chlorthalidone,Tenoretic 50,1,True,413.6144535018355,5900.0,286133.6,60.0,0.0,60.0,24816.867210110133,109,0.00019341364397728453
ACYCLOVIR,Acyclovir,Zovirax,1,True,640.9324737296781,25653.0,985963.1999999998,61.0,24.418383551495776,36.58161644850422,23446.345923370092,110,0.0001827322991494878
GATIFLOXACIN,Gatifloxacin,Zymaxid,1,True,288.66640481458035,454.0,38007.5,79.0,0.0,79.0,22804.645980351845,111,0.00017773112300310408
RIFAMPIN,Rifampin,Rifadin,1,True,210.67916172657542,1327.0,35735.9,97.0,0.0,97.0,20435.878687477816,112,0.00015926981159058512
DIHYDROERGOTAMINE MESYLATE,Dihydroergotamine Mesylate,Migranal,1,True,1706.7250402579616,335.0,10072.800000000001,42.0,31.133175563210713,10.866824436789289,18546.681374355398,113,0.0001445460943127555
CLORAZEPATE DIPOTASSIUM,Clorazepate Dipotassium,Tranxene T-Tab,1,True,987.9111574777158,3466.0,70481.10000000002,49.0,30.45445975168175,18.545540248318254,18321.34613276566,114,0.00014278991333215946
DAPTOMYCIN,Daptomycin,Cubicin Rf,1,True,1049.0965099346272,1207.0,40663.7,44.0,26.72064443699837,17.279355563001626,18127.71161506449,115,0.00014128079627273024
BALSALAZIDE DISODIUM,Balsalazide Disodium,Colazal,1,True,1484.7954347244229,2348.0,82449.40000000002,12.0,0.0,12.0,17817.545216693074,116,0.0001388634720859011
CELECOXIB,Celecoxib,Celebrex,1,True,503.16734867809214,54685.0,3548822.3000000026,3047.2,3012.1159458320653,35.08405416793417,17653.150516558013,117,0.00013758223953811514
NARATRIPTAN HCL,Naratriptan Hcl,Amerge,1,True,1095.2660263227335,1192.0,28527.699999999997,82.0,66.43013431745626,15.569865682543746,17053.144916498364,118,0.00013290601394800374
ETHACRYNIC ACID,Ethacrynic Acid,Edecrin,1,True,1400.4422051713957,119.0,1755.1000000000004,46.0,33.89687025765342,12.103129742346578,16949.73370584735,119,0.0001321000645543604
ENTACAPONE,Entacapone,Comtan,1,True,565.2079819960148,2292.0,86349.3,27.1,0.0,27.1,15317.136312092003,120,0.00011937619379337253
METAXALONE,Metaxalone,Skelaxin,1,True,696.302544253756,957.0,16032.3,161.0,139.308681487166,21.69131851283398,15103.720268704898,121,0.00011771290671183879
FOSFOMYCIN TROMETHAMINE,Fosfomycin Tromethamine,Monurol,1,True,64.84747591808633,443.0,9501.9,1056.0,825.0097116162492,230.99028838375088,14979.137163277104,122,0.00011674195126469116
FENOFIBRATE,Fenofibrate,Lipofen,1,True,169.10566478895058,33567.0,2357991.900000001,176.0,89.82880933640305,86.17119066359696,14572.036482822965,123,0.00011356915651160525
FENOPROFEN CALCIUM,Fenoprofen Calcium,Nalfon,1,True,132.87638328079333,41.0,1029.3,109.0,0.0,109.0,14483.525777606472,124,0.00011287933624210939
RITONAVIR,Ritonavir,Norvir,1,True,255.50894098296658,1301.0,46113.8,934.3,878.6182225679228,55.68177743207673,14227.191983719174,125,0.00011088156381054049
EPLERENONE,Eplerenone,Inspra,1,True,447.1911901940615,3023.0,133656.8,72.0,44.81046858691706,27.189531413082932,12158.918913435375,126,9.476219516191804e-05
DAPSONE,Dapsone,Aczone,1,True,835.5046592585371,1366.0,32758.0,12.5,0.0,12.5,10443.808240731714,127,8.139524589215665e-05
POTASSIUM CITRATE,Potassium Citrate,Urocit-K,1,True,166.12687841438225,7373.0,381982.9,81.7,21.591158289071224,60.10884171092878,9985.694238540813,128,7.782487184894692e-05
PREDNISOLONE SODIUM PHOSPHATE,Prednisolone Sodium Phosphate,Prednisolone Sodium Phos Odt,1,True,190.31322165135077,102.0,2512.7,49.0,0.0,49.0,9325.347860916188,129,7.267837216781284e-05
IBANDRONATE SODIUM,Ibandronate Sodium,Boniva,1,True,183.37369347850225,11344.0,659071.7999999999,112.0,61.984038436331005,50.015961563668995,9171.611604808792,130,7.148020765923848e-05
EMTRICITABINE,Emtricitabine,Emtriva,1,True,80.01543264736131,189.0,3444.8,1175.1,1062.6568944904773,112.44310550952278,8997.183735557363,131,7.012078023765934e-05
RAMIPRIL,Ramipril,Altace,1,True,263.15666398063536,30701.0,2198299.2,949.9,916.6854165199716,33.21458348002839,8740.638984110607,132,6.812136367953915e-05
ZAFIRLUKAST,Zafirlukast,Accolate,1,True,154.39994599541788,1049.0,30297.200000000004,74.0,19.06008886771375,54.939911132286255,8482.719311818057,133,6.611123148802683e-05
IMIPENEM CILASTATIN SODIUM,Imipenem/Cilastatin Sodium,Primaxin,1,True,605.6168802123004,113.0,2699.1,13.0,0.0,13.0,7873.019442759905,134,6.135945228847625e-05
IRBESARTAN HYDROCHLOROTHIAZIDE,Irbesartan/Hydrochlorothiazide,Avalide,1,True,283.97537191509036,9343.0,615342.6000000002,238.0,211.48915928463586,26.510840715364196,7528.425851927264,135,5.86738150752906e-05
IRBESARTAN,Irbesartan,Avapro,1,True,241.9118899052889,33292.0,2952511.4999999986,982.1,952.5548740222966,29.545125977703133,7147.3172627560025,136,5.5703593235499866e-05
BISOPROLOL HYDROCHLOROTHIAZIDE,Bisoprolol/Hydrochlorothiazide,Ziac,1,True,310.52561255670076,10109.0,654240.7000000001,23.0,0.0,23.0,7142.089088804118,137,5.5662846747765535e-05
ACITRETIN,Acitretin,Soriatane,1,True,1788.3524187696548,769.0,16470.600000000006,22.0,18.422516788318458,3.577483211681552,6397.800754718538,138,4.986213396454089e-05
ATOMOXETINE HCL,Atomoxetine Hcl,Strattera,1,True,356.3842496779034,3874.0,90290.90000000001,409.2,391.73619116532296,17.46380883467703,6223.826408064713,139,4.8506241133266227e-05
HALOPERIDOL DECANOATE,Haloperidol Decanoate,Haldol Decanoate 100,1,True,133.64298969222438,4348.0,167920.30000000002,39.0,0.0,39.0,5212.076597996751,140,4.062103080829622e-05
QUINAPRIL HCL,Quinapril Hcl,Accupril,1,True,171.3408152513256,12764.0,642772.6000000001,490.79999999999995,461.257771381397,29.542228618603072,5061.789535852491,141,3.9449748063948854e-05
GEMFIBROZIL,Gemfibrozil,Lopid,1,True,417.3699943967844,16566.0,784227.2999999997,12.0,0.0,12.0,5008.439932761413,142,3.9033960646011446e-05
PIROXICAM,Piroxicam,Feldene,1,True,312.1267306886157,656.0,17468.1,11.0,0.0,11.0,3433.3940375747725,143,2.6758625349241713e-05
NAPROXEN,Naproxen,Ec-Naproxen,1,True,87.9052901919657,40407.0,1623529.5000000002,5133.9,5095.104785339294,38.79521466070733,3410.3046028090885,144,2.657867468594496e-05
GLYBURIDE MICRONIZED,"Glyburide,micronized",Glynase,1,True,294.34107606986174,90.0,3020.9,11.0,0.0,11.0,3237.7518367684793,145,2.5233861137332436e-05
DESOXIMETASONE,Desoximetasone,Topicort,1,True,249.9768880015883,632.0,15752.8,12.0,0.0,12.0,2999.7226560190593,146,2.337874820821471e-05
TRAMADOL HCL,Tramadol Hcl,Conzip,1,True,450.7565344920117,100662.0,7131263.399999993,25.0,18.900650311613425,6.099349688386582,2749.3217281920656,147,2.142721437857075e-05
CANDESARTAN CILEXETIL,Candesartan Cilexetil,Atacand,1,True,248.43379145458948,5745.0,364051.8,581.0,572.2958947620698,8.704105237930296,2162.393865478764,148,1.6852911920566208e-05
NATEGLINIDE,Nateglinide,Starlix,1,True,190.82651578258742,2659.0,142423.69999999998,11.0,0.0,11.0,2099.091673608462,149,1.6359557642698433e-05
ANAGRELIDE HCL,Anagrelide Hcl,Agrylin,1,True,278.3029511549094,524.0,13369.9,67.0,59.561688354209416,7.438311645790585,2070.1040826334515,150,1.6133638893440844e-05
FENTANYL,Fentanyl,Subsys,1,True,23857.40356896292,17093.0,626790.7000000001,144.0,143.92289463637965,0.07710536362038195,1839.5337772234934,151,1.4336657727980615e-05
SULFAMETHOXAZOLE TRIMETHOPRIM,Sulfamethoxazole/Trimethoprim,Bactrim Ds,1,True,152.7122564624314,62418.0,1994564.7000000002,11.0,0.0,11.0,1679.8348210867455,152,1.3092022102368954e-05
FOSAMPRENAVIR CALCIUM,Fosamprenavir Calcium,Lexiva,1,True,367.4420720636988,69.0,971.0,62.0,57.474935005714755,4.525064994285238,1662.6992577230765,153,1.2958473748996587e-05
TRIAZOLAM,Triazolam,Halcion,1,True,193.02765736764132,1439.0,26438.100000000002,50.0,44.648760475673875,5.351239524326129,1032.9372293938043,154,8.0503373711677e-06
NISOLDIPINE,Nisoldipine,Sular,1,True,1268.813132735597,178.0,4255.000000000001,96.2,95.66584705107965,0.5341529489203599,677.7402764795991,155,5.282061407440227e-06
ESTRADIOL VALERATE,Estradiol Valerate,Delestrogen,1,True,59.18793437301028,44.0,1209.5,31.7,21.693268276546476,10.006731723453521,592.2777805360869,156,4.615997773223955e-06
OXICONAZOLE NITRATE,Oxiconazole Nitrate,Oxistat,1,True,10.04381069251167,151.0,10849.2,61.0,8.354810996563574,52.645189003436414,528.7583122220125,157,4.120950121717008e-06
METHYLPREDNISOLONE ACETATE,Methylprednisolone Acetate,Depo-Medrol,1,True,6.162499497524919,114.0,2976.4,117.0,38.72552744407966,78.27447255592034,482.3663977948872,158,3.759388400631712e-06
OLANZAPINE FLUOXETINE HCL,Olanzapine/Fluoxetine Hcl,Symbyax,1,True,136.60564848253443,159.0,2840.2,59.0,55.84486304012428,3.155136959875719,431.00953045503553,159,3.3591316409303083e-06
METHYLPREDNISOLONE,Methylprednisolone,Medrol,1,True,7.78907688712353,53233.0,1966289.4000000006,32.0,0.0,32.0,249.25046038795296,160,1.9425675045321664e-06
CICLOPIROX,Ciclopirox,Ciclodan,1,True,8.953252333289335,6436.0,217077.90000000002,18.0,0.0,18.0,161.158541999208,161,1.256011107374368e-06
RIFABUTIN,Rifabutin,Mycobutin,1,True,5.978526380407686,103.0,1963.8,12.0,0.0,12.0,71.74231656489223,162,5.591335423890568e-07
TIGECYCLINE,Tigecycline,Tygacil,1,True,0.627942833219322,43.0,934.0,93.0,24.02952029520295,68.97047970479704,43.309518434325994,163,3.375386469357344e-07
APREPITANT,Aprepitant,Cinvanti,1,True,0.0,134.0,4009.7,87.0,0.0,87.0,0.0,164,0.0
AZTREONAM,Aztreonam,Azactam,1,True,0.0,47.0,847.8,54.0,52.54662138627656,1.4533786137234408,0.0,165,0.0
BUTALBITAL ACETAMINOPHEN,Butalbital/Acetaminophen,Tencon,1,True,0.0,283.0,4952.2,96.0,0.0,96.0,0.0,166,0.0
CARBINOXAMINE MALEATE,Carbinoxamine Maleate,Ryvent,1,True,0.0,57.0,1753.0,353.5,423.7531806615777,-70.25318066157767,0.0,167,0.0
CEFTAZIDIME,Ceftazidime,Tazicef,1,True,0.0,115.0,2825.4,64.0,12.262689099392055,51.737310900607945,0.0,168,0.0
ETHAMBUTOL HCL,Ethambutol Hcl,Myambutol,1,True,0.0,1038.0,31160.099999999995,36.4,21.902758463033418,14.49724153696658,0.0,169,0.0
FLUOCINOLONE ACETONIDE,Fluocinolone Acetonide,Derma-Smoothe-Fs,1,True,0.0,1607.0,41377.7,28.0,62.25932362485961,-34.25932362485961,0.0,170,0.0
FLUOCINOLONE ACETONIDE OIL,Fluocinolone Acetonide Oil,Dermotic,1,True,0.0,1092.0,34953.3,0.0,26.256466797679547,-26.256466797679547,0.0,171,0.0
GENTAMICIN SULFATE,Gentamicin Sulfate,Gentak,1,True,0.0,4176.0,141508.7,292.3,338.28463564054385,-45.98463564054385,0.0,172,0.0
IBUPROFEN,Ibuprofen,Ibu,1,True,0.0,61811.0,2958356.000000002,58169.399999999994,37325.942896315864,20843.457103684133,0.0,173,0.0
MERCAPTOPURINE,Mercaptopurine,Purixan,1,True,1258.3703287024523,1033.0,32284.200000000004,0.0,0.0,0.0,0.0,174,0.0
MEROPENEM,Meropenem,Merrem,1,True,0.0,998.0,26083.199999999997,16.0,0.0,16.0,0.0,175,0.0
OFLOXACIN,Ofloxacin,Ocuflox,1,True,0.0,8363.0,733994.1000000001,0.0,0.06360790261123475,-0.06360790261123475,0.0,176,0.0
VORICONAZOLE,Voriconazole,Vfend Iv,1,True,0.0,369.0,6953.900000000001,82.0,0.0,82.0,0.0,177,0.0
WARFARIN SODIUM,Warfarin Sodium,Jantoven,1,True,0.0,63113.0,6357005.199999994,309142.4,380215.6950408608,-71073.29504086092,0.0,178,0.0
ATROPINE SULFATE,Atropine Sulfate,Isopto Atropine,1,True,12.34243696722222,2223.0,81955.19999999998,999.6,1111.2931848669432,-111.69318486694335,-1378.5660938885471,179,-1.0744043131031928e-05
SULFASALAZINE,Sulfasalazine,Azulfidine,1,True,111.84551771310267,6661.0,467013.80000000005,141.0,159.21782120289492,-18.21782120289502,-2037.5816440425297,180,-1.5880170826515172e-05
COLESTIPOL HCL,Colestipol Hcl,Colestid,1,True,44.216295570682924,6633.0,286945.00000000006,60.2,107.33101023766854,-47.131010237668555,-2083.9586792136356,181,-1.624161658408654e-05
DANTROLENE SODIUM,Dantrolene Sodium,Dantrium,1,True,60.08816814753355,741.0,14920.199999999999,12.0,54.67035263902254,-42.67035263902254,-2563.98332428814,182,-1.998275421506597e-05
OSELTAMIVIR PHOSPHATE,Oseltamivir Phosphate,Tamiflu,1,True,131.9124600436985,540.0,14386.8,15.0,47.755553135087304,-32.7555531350873,-4320.865594141446,183,-3.3675256132188604e-05
RAMELTEON,Ramelteon,Rozerem,1,True,203.2331009519565,1936.0,42385.7,795.5,816.9336422138778,-21.433642213877665,-4356.025571821107,184,-3.3949280220225506e-05
PHENELZINE SULFATE,Phenelzine Sulfate,Nardil,1,True,140.20103024369453,147.0,2403.7,0.0,32.32394848143081,-32.32394848143081,-4531.850878640705,185,-3.531959876234787e-05
INSULIN GLARGINE YFGN,Insulin Glargine-Yfgn,Semglee (Yfgn) Pen,1,True,265.20862576278324,51.0,742.6999999999999,0.0,17.747816051603955,-17.747816051603955,-4706.87390533655,186,-3.668366462475399e-05
DORZOLAMIDE HCL,Dorzolamide Hcl,Trusopt,1,True,52.340481817651195,9907.0,1077430.1000000008,78.5,184.1053271196533,-105.60532711965332,-5527.433703953322,187,-4.3078809483613566e-05
AZELASTINE FLUTICASONE,Azelastine/Fluticasone,Dymista,1,True,58.37043316419991,1377.0,37124.799999999996,1501.0,1599.8721304471744,-98.87213044717437,-5771.209082068847,188,-4.497870618669363e-05
ISOSORBIDE DINITRATE,Isosorbide Dinitrate,Isordil,1,True,264.0458689802158,8091.0,291598.5,0.0,23.63901272205899,-23.63901272205899,-6241.783656030439,189,-4.8646193397806675e-05
CALCIUM ACETATE,Calcium Acetate,Phoslyra,1,True,239.54963311656195,6352.0,347483.6,198.0,224.58433179294727,-26.584331792947268,-6368.266927649474,190,-4.9631958049681844e-05
ZIDOVUDINE,Zidovudine,Retrovir,1,True,335.46099928425303,101.0,1731.0,0.0,23.63852231150645,-23.63852231150645,-7929.802316221064,191,-6.180199736794339e-05
ENALAPRIL HYDROCHLOROTHIAZIDE,Enalapril/Hydrochlorothiazide,Vaseretic,1,True,409.3320780427037,1452.0,53632.19999999998,0.0,21.453976648396786,-21.453976648396786,-8781.800843767898,192,-6.844216425447857e-05
TAVABOROLE,Tavaborole,Kerydin,1,True,701.2326575633991,113.0,7249.9,39.0,52.547397669295236,-13.547397669295236,-9499.877670708098,193,-7.403859407691681e-05
LEVALBUTEROL TARTRATE,Levalbuterol Tartrate,Xopenex Hfa,1,True,22.19097928024182,2498.0,57121.59999999999,3619.4000000000005,4053.3102507024773,-433.91025070247747,-9628.893382823213,194,-7.504409564966741e-05
FINASTERIDE,Finasteride,Proscar,1,True,132.6160263436377,58506.0,8698152.899999999,343.0,419.8306029803151,-76.83060298031518,-10188.969268835059,195,-7.940912355992783e-05
PREDNISOLONE,Prednisolone,Millipred,1,True,428.36177408331974,327.0,12324.900000000001,23.0,48.30009419085915,-25.300094190859138,-10837.593232071511,196,-8.446426300353344e-05
CLOMIPRAMINE HCL,Clomipramine Hcl,Anafranil,1,True,3569.0260819851296,2278.0,52068.5,59.0,62.06688401791534,-3.066884017915334,-10945.789050363179,197,-8.530750189028424e-05
TRIAMTERENE,Triamterene,Dyrenium,1,True,190.20662856170128,38.0,583.5,35.0,93.78495078614687,-58.78495078614689,-11181.28729919853,198,-8.714288965586645e-05
SIROLIMUS,Sirolimus,Rapamune,1,True,985.7092977434154,400.0,15252.5,112.0,123.5479071683532,-11.547907168353184,-11382.879465323578,199,-8.871402573510676e-05
BICALUTAMIDE,Bicalutamide,Casodex,1,True,3478.061383838672,4171.0,212618.30000000005,36.0,39.96192129270975,-3.9619212927097376,-13779.805453981933,200,-0.00010739479578900794
DICYCLOMINE HCL,Dicyclomine Hcl,Bentyl,1,True,464.0714523963781,35087.0,1588064.2000000007,0.0,29.97630289894571,-29.97630289894571,-13911.1464237875,201,-0.00010841841957514225
ETHOSUXIMIDE,Ethosuximide,Zarontin,1,True,289.4082951412179,314.0,5008.7,132.60000000000002,181.2281992559911,-48.62819925599105,-14073.40424246381,202,-0.00010968299804543384
DESLORATADINE,Desloratadine,Clarinex,1,True,171.77916986834794,1407.0,49302.1,151.0,236.57453770100048,-85.57453770100047,-14699.923048145502,203,-0.00011456585792461415
GUANFACINE HCL,Guanfacine Hcl,Intuniv,1,True,264.1475495008704,2545.0,64691.59999999999,99.0,155.17852396432002,-56.17852396432004,-14839.419439751064,204,-0.00011565304210437728
BEXAROTENE,Bexarotene,Targretin,1,True,15190.914055091034,75.0,1899.4999999999998,128.0,128.98847983791495,-0.9884798379149435,-15015.912262956204,205,-0.00011702856302661673
LAMIVUDINE ZIDOVUDINE,Lamivudine/Zidovudine,Combivir,1,True,735.521915664588,245.0,4687.0,84.0,108.87422719344164,-24.874227193441612,-18295.539235996363,206,-0.0001425887837575989
OMEGA 3 ACID ETHYL ESTERS,Omega-3 Acid Ethyl Esters,Lovaza,1,True,285.32360579509697,13786.0,677138.5999999999,846.0,914.8002857645766,-68.80028576457666,-19630.345614082085,207,-0.0001529917795670178
EFAVIRENZ,Efavirenz,Sustiva,1,True,516.5039289374108,407.0,7825.5,313.2,351.54378891305004,-38.34378891305008,-19804.717623937097,208,-0.00015435077164076193
SCOPOLAMINE,Scopolamine,Transderm-Scop,1,True,101.28429295737931,2111.0,47205.7,801.0,1039.670406248859,-238.67040624885902,-24173.56334676616,209,-0.0001883999674587861
HYDROXYCHLOROQUINE SULFATE,Hydroxychloroquine Sulfate,Plaquenil,1,True,457.7886691920557,16077.0,2857252.6,2060.5,2136.719608206981,-76.21960820698135,-34892.473007413886,210,-0.0002719392538391638
OXAPROZIN,Oxaprozin,Daypro,1,True,435.46723283350775,249.0,5305.3,0.0,82.65435757457595,-82.65435757457595,-35993.26437463187,211,-0.000280518421700675
FAMOTIDINE,Famotidine,Pepcid,1,True,744.6338204282076,93280.0,10192667.899999985,99.0,149.82566793340857,-50.82566793340855,-37846.511289069495,212,-0.000294961954636412
DUTASTERIDE,Dutasteride,Avodart,1,True,188.53360123183626,12543.0,921197.7000000001,2482.3,2689.0970081919854,-206.79700819198578,-38988.184678404665,213,-0.0003038597421207749
MISOPROSTOL,Misoprostol,Cytotec,1,True,1936.0655476152285,1142.0,31494.300000000003,0.0,21.14543036926874,-21.14543036926874,-40938.939227437964,214,-0.00031906321412388433
CEVIMELINE HCL,Cevimeline Hcl,Evoxac,1,True,593.372513449083,1498.0,48736.8,130.0,200.25091196291186,-70.25091196291184,-41684.96020352325,215,-0.00032487743048917014
ATOVAQUONE,Atovaquone,Mepron,1,True,906.385276425656,698.0,16619.399999999998,12.0,62.32065582983809,-50.32065582983809,-45609.9015442481,216,-0.0003554669968788157
AMLODIPINE ATORVASTATIN,Amlodipine/Atorvastatin,Caduet,1,True,438.96843225491875,840.0,26271.899999999998,150.0,254.91282394063208,-104.91282394063205,-46053.41784865555,217,-0.00035892360177066263
NEVIRAPINE,Nevirapine,Viramune Xr,1,True,726.1808812104803,339.0,9531.2,199.0,271.6233151312868,-72.62331513128677,-52737.66297846424,218,-0.00041101817909374366
PROPAFENONE HCL,Propafenone Hcl,Rythmol Sr,1,True,737.7335357844238,4394.0,265871.19999999995,399.0,482.7248234294904,-83.72482342949043,-61766.6100215645,219,-0.0004813865110068272
ATAZANAVIR SULFATE,Atazanavir Sulfate,Reyataz,1,True,1050.0963946783104,438.0,9651.1,228.0,288.12718385090585,-60.12718385090584,-63139.33898399616,220,-0.0004920850616566409
FLUCONAZOLE,Fluconazole,Diflucan,1,True,2281.853190229436,50651.0,1331426.700000001,50.0,83.35876956610548,-33.35876956610544,-76119.81475654633,221,-0.0005932501724045838
ETRAVIRINE,Etravirine,Intelence,1,True,300.79912785097576,584.0,14970.7,13872.7,14130.817169243932,-258.11716924393374,-77641.41939193798,222,-0.0006051090059443761
SEVELAMER HCL,Sevelamer Hcl,Renagel,1,True,381.73722647502495,311.0,6731.2,70.1,279.840205481994,-209.74020548199397,-80065.64432099821,223,-0.000624002534018665
LATANOPROST,Latanoprost,Xalatan,1,True,209.4979649913948,30166.0,10079610.199999994,5007.100000000001,5413.295011493676,-406.1950114936751,-85097.02829758114,224,-0.000663215312203793
TAMOXIFEN CITRATE,Tamoxifen Citrate,Soltamox,1,True,1213.882824449061,5597.0,450494.70000000007,12.0,85.15995742106873,-73.15995742106873,-88807.61575085994,225,-0.000692134282296145
MORPHINE SULFATE,Morphine Sulfate,Ms Contin,1,True,1073.0919742293897,22459.0,1675434.2000000002,581.0,667.902427420169,-86.90242742016898,-93254.29740563537,226,-0.000726790103080272
ZILEUTON,Zileuton,Zyflo,1,True,1042.9424593231738,134.0,2952.1,191.5,281.2323332859377,-89.73233328593771,-93585.6603580426,227,-0.0007293726255059086
BACLOFEN,Baclofen,Lioresal Intrathecal,1,True,1230.3824860364389,55515.0,3379515.800000003,57.2,136.63364268152043,-79.43364268152048,-97733.76275741935,228,-0.000761701428084484
TIAGABINE HCL,Tiagabine Hcl,Gabitril,1,True,653.2179879668022,494.0,9852.4,308.6,477.96125439528026,-169.36125439528018,-110629.81783561864,229,-0.0008622085946212075
CLONAZEPAM,Clonazepam,Klonopin,1,True,213.58797774569328,81355.0,5884906.500000002,4523.3,5060.2906251972945,-536.9906251972941,-114694.7417042856,230,-0.0008938891339605494
SUMATRIPTAN SUCC NAPROXEN SOD,Sumatriptan Succ/Naproxen Sod,Treximet,1,True,1484.1328302021318,94.0,1985.1,252.0,340.531786074672,-88.53178607467206,-131392.93022985273,231,-0.001024028746797495
ONDANSETRON HCL,Ondansetron Hcl,Zofran,1,True,2385.6335856085743,49103.0,1534216.5999999999,36.0,93.51886033248502,-57.51886033248503,-137218.92501510508,232,-0.0010694344328443322
TESTOSTERONE CYPIONATE,Testosterone Cypionate,Depo-Testosterone,1,True,13.529640089501935,15377.0,687427.4999999999,413.8,10820.01693623458,-10406.21693623458,-140792.36984053336,233,-0.0010972845631362124
CROMOLYN SODIUM,Cromolyn Sodium,Gastrocrom,1,True,2447.807087668833,926.0,37892.0,12.0,70.33097263586103,-58.330972635861045,-142782.9682486774,234,-0.0011127985636969952
ENOXAPARIN SODIUM,Enoxaparin Sodium,Lovenox,1,True,2559.1187768560258,4559.0,116689.09999999998,158.0,214.6180950063888,-56.618095006388906,-144892.43004066817,235,-0.00112923894227361
DESVENLAFAXINE SUCCINATE,Desvenlafaxine Succinate,Pristiq,1,True,421.46779111204734,12351.0,499163.79999999993,3142.5000000000005,3497.0684017820736,-354.5684017820726,-149439.16109721916,236,-0.0011646745117347688
ESZOPICLONE,Eszopiclone,Lunesta,1,True,457.911992596029,12521.0,302479.4,2715.2,3061.109691064016,-345.90969106401553,-158396.19589340012,237,-0.0012344823857300378
TEMAZEPAM,Temazepam,Restoril,1,True,1355.8311968844807,35928.0,1606362.6000000003,203.4,320.29840247444696,-116.89840247444697,-158494.50094081313,238,-0.0012352485395431092
SUCRALFATE,Sucralfate,Carafate,1,True,291.92388809246324,31451.0,1454129.3000000005,2952.3999999999996,3526.06132020329,-573.6613202032904,-167465.44304200006,239,-0.0013051648020193391
ZIPRASIDONE HCL,Ziprasidone Hcl,Geodon,1,True,1226.0705785399036,11402.0,473158.1999999997,1590.1000000000001,1740.9330776263312,-150.83307762633083,-184931.99874826966,240,-0.0014412927894191976
MODAFINIL,Modafinil,Provigil,1,True,3498.601392730657,5716.0,156541.10000000003,941.0,999.387382276182,-58.38738227618204,-204274.17694934778,241,-0.0015920386968963692
ASENAPINE MALEATE,Asenapine Maleate,Saphris,1,True,502.13503239204437,1615.0,38773.5,15325.900000000001,15799.874326411622,-473.9743264116236,-237999.11374569807,242,-0.0018548785978178028
RABEPRAZOLE SODIUM,Rabeprazole Sodium,Aciphex,1,True,664.6820061268457,2914.0,104474.6,1683.4,2047.0587318361515,-363.6587318361521,-241717.4154223982,243,-0.0018838576897639624
FULVESTRANT,Fulvestrant,Faslodex,1,True,740.1215261557052,133.0,2842.7,123.0,534.9166666666666,-411.9166666666666,-304868.3919823042,244,-0.002376033450457864
SELEGILINE HCL,Selegiline Hcl,Zelapar,1,True,3932.8983393293965,939.0,43136.100000000006,35.0,116.71369962470763,-81.71369962470763,-321371.67355447373,245,-0.002504654029333997
BUDESONIDE FORMOTEROL FUMARATE,Budesonide/Formoterol Fumarate,Symbicort,1,True,95.15935045374215,55129.0,3181569.4000000004,2977689.5000000005,2981784.341233952,-4094.841233951375,-389662.4320340123,246,-0.0030368873823866833
BEPOTASTINE BESILATE,Bepotastine Besilate,Bepreve,1,True,74.27628863611781,645.0,49732.9,36353.2,43014.79902870456,-6661.59902870456,-494798.85223414196,247,-0.0038562824322723463
INDOMETHACIN,Indomethacin,Indocin,1,True,14375.185126110006,2206.0,43692.40000000001,0.0,57.76475801618229,-57.76475801618229,-830379.0902475672,248,-0.006471672849258543
ROPINIROLE HCL,Ropinirole Hcl,Ropinirole Er,1,True,86.61837666428349,49270.0,3074727.5000000005,41340.4,55411.07066552827,-14070.67066552826,-1218778.6516258116,249,-0.009498717876712347
ZONISAMIDE,Zonisamide,Zonegran,1,True,2422.496017501183,5795.0,310146.99999999994,3136.2,3742.7198770062637,-606.5198770062641,-1469291.986582982,250,-0.011451127766677397
OMEPRAZOLE SODIUM BICARBONATE,Omeprazole/Sodium Bicarbonate,Zegerid,1,True,2903.079147572199,1150.0,62330.299999999996,528.4,1259.2971721046172,-730.8971721046174,-2121852.339356403,251,-0.01653694599975362
PRIMIDONE,Primidone,Mysoline,1,True,3288.016664591426,18591.0,1173625.4000000004,882.9000000000001,1539.0273751538969,-656.1273751538968,-2157357.7436006423,252,-0.016813662216898357
ICOSAPENT ETHYL,Icosapent Ethyl,Vascepa,1,True,79.17219150724978,22515.0,2032587.3000000005,1912950.7999999998,1942881.9278326093,-29931.12783260989,-2369712.9847913636,253,-0.018468681791635015
NEBIVOLOL HCL,Nebivolol Hcl,Bystolic,1,True,92.05020442591663,25861.0,1451441.4000000004,1390109.3000000005,1418328.668723781,-28219.36872378157,-2597598.659794412,254,-0.020244739923364334
IPRATROPIUM BROMIDE,Ipratropium Bromide,Atrovent Hfa,1,True,406.1528121655332,19760.0,963859.5000000003,56874.59999999999,72768.34655790319,-15893.746557903172,-6455289.860338639,255,-0.050310183160792735
DICLOFENAC SODIUM,Diclofenac Sodium,Pennsaid,2,False,2724.427362239786,79824.0,5426823.100000008,60180.899999999994,8791.884881490372,51389.015118509626,140005638.90742162,,
ARIPIPRAZOLE,Aripiprazole,Abilify,2,False,2242.7882707776835,35111.0,2493041.400000003,125635.69999999998,81435.30849881942,44200.39150118058,99132119.62262942,,
BRIMONIDINE TARTRATE,Brimonidine Tartrate,Alphagan P,2,False,187.79356382823065,16027.0,2401678.900000002,595643.3999999997,344708.02607259474,250935.37392740507,47124048.16039707,,
OXYCODONE HCL,Oxycodone Hcl,Oxaydo,3,False,682.8559492787931,43077.0,3811083.8,345785.69999999995,278569.86219579825,67215.83780420158,45898734.73035745,,
METFORMIN HCL,Metformin Hcl,Glumetza,4,False,1004.4179426429408,116155.0,40548146.700000055,75560.49999999999,34043.29565495794,41517.20434504207,41700624.97253371,,
BUPRENORPHINE HCL,Buprenorphine Hcl,Belbuca,2,False,593.1343207788618,5777.0,287501.00000000006,145462.0,79050.372889084,66411.627110916,39391015.33825223,,
CARBIDOPA LEVODOPA,Carbidopa/Levodopa,Duopa,2,False,705.3039242581574,23118.0,3254567.899999999,171134.69999999998,127113.42980832535,44021.27019167462,31048374.61701676,,
LEVOTHYROXINE SODIUM,Levothyroxine Sodium,Euthyrox,9,False,15.661832103791834,126564.0,55768891.30000005,8738359.900000004,6827405.426201193,1910954.4737988103,29929048.126626834,,
TOPIRAMATE,Topiramate,Qudexy Xr,3,False,1204.6737279303416,44484.0,2855938.9000000022,40949.9,28277.50842534913,12672.391574650861,15266097.200027708,,
LIDOCAINE,Lidocaine,Lidoderm,2,False,385.2794422604467,14488.0,574312.4000000001,42086.1,6542.048262530663,35544.05173746934,13694392.429088647,,
TADALAFIL,Tadalafil,Adcirca,3,False,1954.3303235804485,4549.0,195134.00000000006,14182.899999999998,9397.035916834158,4785.864083165843,9353159.302265553,,
GABAPENTIN,Gabapentin,Gralise,2,False,723.4963428372943,161858.0,28321758.400000025,17013.399999999998,6272.524290325326,10740.875709674676,7770984.294819556,,
GLATIRAMER ACETATE,Glatiramer Acetate,Copaxone,2,False,1985.8641598608897,2877.0,104776.99999999999,76679.5,74105.1230630537,2574.3769369463134,5112362.893054141,,
RISPERIDONE,Risperidone,Perseris,2,False,1497.9681399246083,33087.0,2355663.600000002,6296.2,3504.3962578355795,2791.8037421644203,4182033.058684598,,
BIMATOPROST,Bimatoprost,Durysta,2,False,148.81518512410602,13925.0,1999126.9000000001,1981963.0,1953863.305328341,28099.694671659054,4181661.264493797,,
INSULIN ASPART,Insulin Aspart,Novolog,3,False,334.91370437724527,30830.0,2127795.3000000003,2057690.4000000006,2045355.8576768762,12334.542323125293,4131007.261235805,,
LOTEPREDNOL ETABONATE,Loteprednol Etabonate,Alrex,5,False,91.15284001749939,3445.0,192839.80000000005,119927.10000000003,75008.54630627364,44918.55369372641,4094453.7386616995,,
CETIRIZINE HCL,Cetirizine Hcl,Quzyttir,2,False,328.1371374760195,467.0,22850.600000000002,18529.7,6116.675815880384,12413.024184119615,4073174.223197613,,
CLOBAZAM,Clobazam,Onfi,2,False,1928.9556658876427,1794.0,74890.10000000002,6398.4,4626.689240067857,1771.710759932142,3417551.508685207,,
EVEROLIMUS,Everolimus,Afinitor,3,False,6894.373899318917,507.0,9208.300000000001,4019.7,3526.0612932956747,493.6387067043257,3403329.8151958487,,
ROSUVASTATIN CALCIUM,Rosuvastatin Calcium,Crestor,2,False,257.69907473072647,111591.0,27162584.100000042,26509.4,13652.47307530957,12856.926924690431,3313218.1723732892,,
DOXYCYCLINE MONOHYDRATE,Doxycycline Monohydrate,Doxycycline Ir-Dr,2,False,554.1326675362761,14188.0,440692.1000000001,5367.9,1193.6571745778842,4174.242825422116,2313084.311795319,,
DEFERASIROX,Deferasirox,Exjade,3,False,9424.214375328262,336.0,6373.2,675.5,446.6800939968962,228.819906003104,2156447.847515714,,
DICLOFENAC POTASSIUM,Diclofenac Potassium,Cambia,2,False,1064.5361413676787,2708.0,105614.7,2631.2,757.0149642891164,1874.1850357108835,1995137.70612471,,
COLCHICINE,Colchicine,Colcrys,3,False,131.44424011685194,16431.0,549558.0,37018.4,22933.324961295086,14085.075038704921,1851401.9854514063,,
BROMFENAC SODIUM,Bromfenac Sodium,Bromsite,2,False,82.30113506963008,3510.0,286242.4999999999,268289.19999999995,247928.7886302592,20360.4113697407,1675684.9662142613,,
HYDROMORPHONE HCL,Hydromorphone Hcl,Dilaudid,2,False,399.7423470401012,9285.0,379407.49999999994,11301.0,7222.924376753032,4078.0756232469666,1630179.5210437663,,
SILDENAFIL CITRATE,Sildenafil Citrate,Revatio,2,False,3111.1719813253076,8938.0,369191.59999999986,1090.6,652.055151499677,438.544848500323,1364388.4452087574,,
SUMATRIPTAN SUCCINATE,Sumatriptan Succinate,Imitrex,3,False,1354.2660589213378,30173.0,869475.2000000002,1693.1,761.680105942034,931.4198940579658,1261390.3491268125,,
OCTREOTIDE ACETATE,Octreotide Acetate,Bynfezia,3,False,6368.6295459589,151.0,2812.4999999999995,294.0,111.85610992760364,182.1438900723964,1160006.9599309538,,
PREGABALIN,Pregabalin,Lyrica,2,False,576.5513709360574,68944.0,4087736.800000001,33193.9,31469.882870893976,1724.0171291060344,993984.4393033303,,
HYDROCORTISONE,Hydrocortisone,Ala-Scalp,8,False,14.049963471638538,28014.0,1130472.8000000003,124442.09999999999,59179.931686817574,65262.16831318242,916931.0808801395,,
TOBRAMYCIN DEXAMETHASONE,Tobramycin/Dexamethasone,Tobradex,2,False,165.20655191582014,5323.0,214057.10000000006,19544.399999999998,14000.477646247422,5543.922353752572,915892.2961525003,,
LISINOPRIL,Lisinopril,Qbrelis,2,False,483.92480035666824,142683.0,45037250.50000006,2067.5,336.78237796796645,1730.717622032034,837537.1797156194,,
CLOZAPINE,Clozapine,Clozaril,2,False,1260.916213762595,8075.0,642851.0000000001,5008.400000000001,4419.081482022316,589.3185179776839,743081.2743886049,,
OLOPATADINE HCL,Olopatadine Hcl,Pataday,3,False,183.36459769867807,9377.0,491543.7,6147.1,2146.0415674700057,4001.058432529994,733652.4698497658,,
PEG3350 SOD SUL NACL KCL ASB C,Peg3350/Sod Sul/Nacl/Kcl/Asb/C,Moviprep,2,False,25.87881033765835,1436.0,43830.8,40697.5,16160.339776326398,24537.160223673603,634992.5156531838,,
ZOLMITRIPTAN,Zolmitriptan,Zomig,2,False,1013.9678236779735,740.0,11982.100000000002,1346.4,720.3968245933581,626.0031754066418,634747.0773825733,,
DULOXETINE HCL,Duloxetine Hcl,Cymbalta,2,False,197.5613914419901,106412.0,10709083.69999998,19558.899999999998,16498.251783596566,3060.648216403436,604665.9203471086,,
QUETIAPINE FUMARATE,Quetiapine Fumarate,Seroquel,2,False,650.3792635010037,68689.0,6341671.700000003,8639.6,7712.653930349217,926.9460696507832,602866.5020846265,,
AZITHROMYCIN,Azithromycin,Azasite,2,False,259.53584940374077,75333.0,3070972.3000000003,4763.2,2673.1991842606867,2090.0008157393136,542430.1369674142,,
DESMOPRESSIN ACETATE,Desmopressin Acetate,Ddavp,2,False,484.9736033632591,3681.0,108689.09999999996,1445.3999999999999,407.14808359177266,1038.251916408227,503524.77309930726,,
OLANZAPINE,Olanzapine,Zyprexa,2,False,1069.2682486764477,30384.0,2130210.0000000014,5320.099999999999,4864.223703245742,455.87629675425507,487454.049443527,,
MEMANTINE HCL,Memantine Hcl,Namenda,2,False,413.4799360954278,46256.0,4462619.300000005,2443.9999999999995,1464.1191907921125,979.8808092078876,405161.0543724134,,
GLUCAGON,Glucagon,Baqsimi,6,False,135.84456457038533,1226.0,28927.8,19753.5,16871.14793108428,2882.352068915726,391551.86174040596,,
CALCIPOTRIENE BETAMETHASONE,Calcipotriene/Betamethasone,Enstilar,2,False,641.2348127776825,116.0,2643.6000000000004,1244.3,685.604507062247,558.6954929377529,358254.99981367495,,
TOBRAMYCIN,Tobramycin,Tobi Podhaler,2,False,2766.7638395705026,1395.0,55745.8,183.70000000000002,67.07388826955555,116.62611173044444,322676.9086855029,,
METOPROLOL SUCCINATE,Metoprolol Succinate,Kapspargo Sprinkle,2,False,41.0573318292966,125728.0,34871152.90000003,21939.7,14887.045623950384,7052.654376049618,289563.17099480977,,
IVERMECTIN,Ivermectin,Soolantra,2,False,479.3353030059431,2854.0,97606.90000000001,1173.0,636.1840792889423,536.8159207110579,257314.82201244932,,
DEXTROAMPHETAMINE SULFATE,Dextroamphetamine Sulfate,Dexedrine,2,False,1256.4003107871606,1554.0,27136.399999999998,572.0,381.38741934970193,190.6125806502979,239485.70556897702,,
HALOBETASOL PROPIONATE,Halobetasol Propionate,Bryhali,3,False,694.5656518114959,2716.0,118131.99999999997,331.3,22.989143554216625,308.3108564457834,214142.1309678261,,
RISEDRONATE SODIUM,Risedronate Sodium,Actonel,2,False,262.98657185420205,3361.0,142276.8,939.3,152.8489875102566,786.4510124897433,206826.05570594384,,
DEXAMETHASONE,Dexamethasone,Hemady,3,False,458.65582567578565,17420.0,586038.2,472.8,75.27480827812293,397.52519172187704,182327.2450361225,,
NITROGLYCERIN,Nitroglycerin,Nitro-Bid,5,False,247.25141843974967,31943.0,1421832.2000000004,3486.5,2790.342861230325,696.1571387696744,172125.84001775962,,
PANTOPRAZOLE SODIUM,Pantoprazole Sodium,Protonix,2,False,497.97228443733377,132768.0,24732444.8,5412.5,5093.9354381871435,318.5645618128578,158636.32258672704,,
CALCIPOTRIENE,Calcipotriene,Dovonex,2,False,1227.9113847695924,2082.0,50055.6,119.0,0.0,119.0,146121.4547875815,,
ZOLPIDEM TARTRATE,Zolpidem Tartrate,Ambien,4,False,597.8286101530493,85217.0,5621429.9,8905.1,8664.357090722533,240.74290927746492,143922.9988575484,,
INSULIN LISPRO,Insulin Lispro,Admelog,6,False,280.00985196283494,23509.0,1751716.4999999998,1380831.1999999997,1380384.6887585486,446.51124145097015,125027.54661842805,,
MINOCYCLINE HCL,Minocycline Hcl,Amzeeq,4,False,675.9060561589185,5278.0,188704.09999999995,225.0,46.350086916385735,178.64991308361428,120750.55818547928,,
NALOXONE HCL,Naloxone Hcl,Kloxxado,2,False,107.40849509631029,3832.0,165994.09999999998,156282.0,155304.42652351724,977.5734764827114,104999.69595507633,,
CYCLOSPORINE,Cyclosporine,Cequa,4,False,231.53775340056535,17009.0,1900037.9,1897031.9,1896637.3390988503,394.56090114967014,91355.74463189722,,
DICLOFENAC EPOLAMINE,Diclofenac Epolamine,Flector,2,False,51.57201929438372,1006.0,179605.7,4096.0,2445.617488653544,1650.3825113464552,85113.55871827285,,
SPIRONOLACTONE,Spironolactone,Aldactone,2,False,152.37163427005157,80099.0,7533619.199999997,697.5,160.9394709845168,536.5605290154829,81756.60469089261,,
CARBIDOPA LEVODOPA ENTACAPONE,Carbidopa/Levodopa/Entacapone,Stalevo 100,6,False,667.706201935632,1211.0,46145.900000000016,298.1,180.42287879208783,117.67712120791217,78573.74365645404,,
URSODIOL,Ursodiol,Reltone,3,False,870.876566944832,5852.0,259290.80000000002,190.2,114.45974099811107,75.74025900188892,65960.41673907745,,
CLINDAMYCIN PHOSPHATE,Clindamycin Phosphate,Cleocin Phosphate,4,False,1110.1848471572853,8154.0,232021.39999999997,85.2,29.396207150809293,55.803792849190685,61952.52523507559,,
TRIAMCINOLONE ACETONIDE,Triamcinolone Acetonide,Kenalog-10,6,False,147.4685047215268,66293.0,3270833.6,634.0,219.94954239242713,414.05045760757287,61059.40186265271,,
DIGOXIN,Digoxin,Digitek,3,False,17.884568658699,28997.0,1972872.5999999996,14448.6,11121.051080797946,3327.5489192020564,59511.77711064883,,
SUMATRIPTAN,Sumatriptan,Imitrex,2,False,526.9778990015021,412.0,6317.099999999999,133.0,49.28375690508752,83.71624309491246,44116.609898456,,
FLUOXETINE HCL,Fluoxetine Hcl,Fluoxetine Dr,2,False,716.1401948326812,78263.0,6204095.200000002,4117.200000000001,4058.613999097857,58.586000902141045,41955.790100526996,,
ALENDRONATE SODIUM,Alendronate Sodium,Binosto,2,False,230.3784976538883,75252.0,8112339.700000002,968.0,793.629667621534,174.37033237846626,40171.17520876019,,
OXYBUTYNIN CHLORIDE,Oxybutynin Chloride,Ditropan Xl,2,False,334.4630352801145,57885.0,4841774.000000003,560.5,443.16822925191724,117.33177074808265,39243.14017919428,,
BUPROPION HCL,Bupropion Hcl,Bupropion Xl,4,False,7.854452904448973,73559.0,6594267.100000001,4731400.300000003,4726756.15997515,4644.140024853549,36477.17910687865,,
KETOCONAZOLE,Ketoconazole,Ketodan,2,False,645.4558606004783,31027.0,1775535.1,47.0,0.0,47.0,30336.425448222482,,
FLUVASTATIN SODIUM,Fluvastatin Sodium,Fluvastatin Er,2,False,39.24470813433764,225.0,5978.8,3595.6,2849.766067725103,745.833932274897,29270.03498881368,,
DICLOFENAC SODIUM MISOPROSTOL,Diclofenac Sodium/Misoprostol,Arthrotec 50,2,False,356.2325128147513,443.0,7853.0,273.0,211.92934775327188,61.070652246728066,21755.351909087774,,
LEVOCARNITINE,Levocarnitine,Carnitor,2,False,178.9721679858299,604.0,15837.1,362.0,249.95182880600342,112.04817119399655,20053.504117436976,,
ERYTHROMYCIN ETHYLSUCCINATE,Erythromycin Ethylsuccinate,E.E.S. 200,3,False,246.79812126705866,103.0,2393.5,219.0,144.3627500981311,74.6372499018689,18420.333052321195,,
DOXYCYCLINE HYCLATE,Doxycycline Hyclate,Doryx,3,False,292.01399331174446,59705.0,2098631.8999999994,280.4,231.55896811818275,48.84103188181722,14262.264757275674,,
LAMIVUDINE,Lamivudine,Epivir,2,False,169.23333085943244,828.0,20865.0,291.2,219.7621153598915,71.4378846401085,12089.671167197448,,
DISOPYRAMIDE PHOSPHATE,Disopyramide Phosphate,Norpace,2,False,227.11376794067144,145.0,3933.4,75.6,28.36432800295366,47.235671997046346,10727.871448458855,,
METOCLOPRAMIDE HCL,Metoclopramide Hcl,Gimoti,2,False,900.0073760830483,16685.0,566031.3999999998,61.0,50.50034768210436,10.499652317895643,9449.764532413543,,
SILVER SULFADIAZINE,Silver Sulfadiazine,Silvadene,2,False,1.6945242815654602,4671.0,148866.00000000006,62347.299999999996,59014.310564232655,3332.9894357673516,5647.831529108941,,
LEVALBUTEROL HCL,Levalbuterol Hcl,Levalbuterol Concentrate,2,False,233.69552281557947,158.0,3153.6,37.4,15.513813020719189,21.88618697928081,5114.7039085625565,,
MEDROXYPROGESTERONE ACETATE,Medroxyprogesterone Acetate,Depo-Subq Provera 104,2,False,75.51565314071368,5372.0,231855.59999999992,103.8,51.10567960314805,52.69432039685196,3979.246021574307,,
AZATHIOPRINE,Azathioprine,Azasan,2,False,274.4640137645921,7143.0,340988.1999999999,145.0,132.86479238595163,12.135207614048383,3330.6777896183594,,
PILOCARPINE HCL,Pilocarpine Hcl,Isopto Carpine,2,False,63.109762044472475,4025.0,189500.5,46.9,0.0,46.9,2959.847839885759,,
HYOSCYAMINE SULFATE,Hyoscyamine Sulfate,Anaspaz,6,False,29.21255320677792,152.0,2415.2,113.0,84.59989959651695,28.400100403483027,829.6394441145831,,
NORETHINDRONE E ESTRADIOL IRON,Norethindrone-E.Estradiol-Iron,Aurovela 24 Fe,21,False,1.8340994606653531,491.0,7173.699999999999,6541.8,6418.098032729256,123.70196727074261,226.88171145451219,,
NORETHINDRONE,Norethindrone,Camila,9,False,1.2544764869055935,436.0,7829.099999999999,2480.2,2321.97656755963,158.22343244037,198.48757567393986,,
NORGESTIMATE ETHINYL ESTRADIOL,Norgestimate-Ethinyl Estradiol,Estarylla,17,False,1.2160917817909596,1078.0,15732.199999999997,13960.6,13858.55075773253,102.04924226746917,124.10124485946388,,
BUDESONIDE,Budesonide,Entocort Ec,5,False,0.0,7634.0,249044.90000000008,35175.399999999994,41611.11633201097,-6435.716332010973,0.0,,
EPINEPHRINE,Epinephrine,Adrenalin,2,False,0.0,3168.0,79271.90000000001,24.0,68.11962254387358,-44.11962254387354,0.0,,
LACTULOSE,Lactulose,Constulose,4,False,0.0,19779.0,769997.3999999986,114043.89999999998,109589.95158922723,4453.948410772781,0.0,,
LIDOCAINE HCL,Lidocaine Hcl,Glydo,2,False,0.0,3330.0,76425.09999999999,897.8,327.62134779329074,570.1786522067091,0.0,,
MOXIFLOXACIN HCL,Moxifloxacin Hcl,Moxeza,3,False,0.0,4540.0,442502.30000000016,438452.30000000016,440270.4124326289,-1818.1124326287404,0.0,,
POTASSIUM CHLORIDE,Potassium Chloride,K-Tab Er,7,False,0.0,107834.0,15616405.499999987,893156.9000000003,1559695.857697429,-666538.9576974289,0.0,,
THEOPHYLLINE ANHYDROUS,Theophylline Anhydrous,Elixophyllin,3,False,0.0,3584.0,145464.0,80063.59999999999,78222.42730390493,1841.1726960950634,0.0,,
TRETINOIN,Tretinoin,Altreno,2,False,0.0,2089.0,44721.3,1098.2,16005.122819563607,-14906.922819563606,0.0,,
CHLORHEXIDINE GLUCONATE,Chlorhexidine Gluconate,Paroex,2,False,1.4559384294958315,6193.0,231286.90000000005,147.2,501.6893242303147,-354.4893242303147,-516.1146299929227,,
METHADONE HCL,Methadone Hcl,Methadone Intensol,2,False,13.703086644388687,8752.0,369126.20000000007,132.5,252.5542678487494,-120.05426784874942,-1645.1140343600598,,
TRIAMTERENE HYDROCHLOROTHIAZID,Triamterene/Hydrochlorothiazid,Dyazide,3,False,83.35523036507105,45988.0,3720674.9999999995,92.0,115.51759777464383,-23.51759777464379,-1960.3147801385157,,
HYDROCODONE ACETAMINOPHEN,Hydrocodone/Acetaminophen,Lortab,2,False,539.9411788451805,90262.0,11591550.899999995,92.3,110.10089788202357,-17.800897882023595,-9611.4377869225,,
GLIPIZIDE,Glipizide,Glucotrol,2,False,110.93400346835601,63874.0,8156218.699999997,328.0,433.2850234975165,-105.2850234975164,-11679.689161839427,,
HYDROXYUREA,Hydroxyurea,Droxia,3,False,79.91327521790855,7344.0,465441.1,1597.6,1823.273842053431,-225.67384205343103,-18034.335849498653,,
BETAMETHASONE DIPROPIONATE,Betamethasone Dipropionate,Betamethasone Diprop Augmented,2,False,39.562565439687184,9912.0,356233.8000000001,1052.3000000000002,1513.6043185433352,-461.304318543335,-18250.382289981,,
AZELAIC ACID,Azelaic Acid,Azelex,2,False,277.0406965229438,629.0,12746.799999999997,463.5,581.8281876869692,-118.32818768696923,-32781.72353509556,,
PREDNISOLONE ACETATE,Prednisolone Acetate,Pred Forte,2,False,131.141845887518,14532.0,2522212.8999999976,2533.4,2796.541597558381,-263.1415975583808,-34508.87483359646,,
CIPROFLOXACIN HCL,Ciprofloxacin Hcl,Ciloxan,2,False,256.1308479598186,65252.0,2247590.0999999996,642.3,786.215292916316,-143.91529291631622,-36861.14600904175,,
ITRACONAZOLE,Itraconazole,Sporanox,2,False,2021.4848594188861,273.0,7837.799999999999,61.0,79.3197217910047,-18.319721791004685,-37033.04022928221,,
TOLTERODINE TARTRATE,Tolterodine Tartrate,Detrol,2,False,324.03539774908626,12222.0,455476.9,257.2,378.52897097404184,-121.32897097404177,-39314.88136806098,,
NIACIN,Niacin,Niacor,2,False,44.06638438857004,3600.0,113481.99999999999,1842.1,2772.4493223447025,-930.3493223447025,-40997.13085408731,,
PHENYTOIN,Phenytoin,Dilantin,2,False,81.17344093731616,2710.0,59810.799999999974,3531.3999999999996,4211.687558339236,-680.287558339235,-55221.28193724092,,
GALANTAMINE HBR,Galantamine Hbr,Galantamine Er,2,False,12.102134947895564,2616.0,126460.4,80375.79999999999,85809.16646773764,-5433.366467737657,-65755.3342139318,,
FLUOROMETHOLONE,Fluorometholone,Fml,2,False,91.93304178124703,3324.0,219814.00000000003,627.1,1467.2947918609673,-840.1947918609677,-77241.66290454048,,
DOXAZOSIN MESYLATE,Doxazosin Mesylate,Cardura,2,False,192.8723493687475,33926.0,2441327.6000000006,387.0,812.021407323165,-425.0214073231647,-81974.8773624302,,
CALCITRIOL,Calcitriol,Rocaltrol,2,False,134.97512092935793,12038.0,1167947.1,359.1,968.1734554787749,-609.0734554787751,-82209.76330810954,,
CYCLOSPORINE MODIFIED,"Cyclosporine, Modified",Gengraf,2,False,81.1003974375461,679.0,19725.2,1604.7,2700.42646421184,-1095.7264642118398,-88863.85173041736,,
CLONIDINE,Clonidine,Catapres-Tts 1,3,False,473.67973860938594,8096.0,249522.69999999998,569.0,793.1954484620197,-224.19544846201993,-106196.84142490356,,
HYDROCODONE BITARTRATE,Hydrocodone Bitartrate,Hysingla Er,2,False,150.1980496427272,1327.0,35020.1,31697.100000000002,32471.70800546789,-774.6080054678863,-116344.61165891954,,
ORPHENADRINE ASPIRIN CAFFEINE,Orphenadrine/Aspirin/Caffeine,Norgesic Forte,2,False,1417.8604466261663,21.0,755.0,71.0,155.8102493074792,-84.81024930747921,-120249.09796157901,,
DEXMETHYLPHENIDATE HCL,Dexmethylphenidate Hcl,Focalin,2,False,326.1121395440423,972.0,17034.5,541.5,910.8097043439669,-369.3097043439668,-120436.37783798872,,
CLOBETASOL PROPIONATE,Clobetasol Propionate,Clobex,2,False,217.14400434587532,22393.0,1002328.9999999995,50.0,631.7853531367679,-581.7853531367679,-126331.20124989685,,
PAROXETINE HCL,Paroxetine Hcl,Paroxetine Cr,4,False,113.85773248310636,55683.0,3192776.0000000037,19726.6,20850.416447048214,-1123.8164470482188,-127955.19238813117,,
DIAZEPAM,Diazepam,Diastat Acudial,3,False,657.4404466235085,46485.0,1638555.9000000001,4398.8,4619.526682236309,-220.72668223631013,-145114.64855116507,,
GLYCOPYRROLATE,Glycopyrrolate,Cuvposa,2,False,439.35598736646585,3321.0,84016.69999999998,411.7,778.7745867118392,-367.0745867118393,-161276.4174819175,,
VERAPAMIL HCL,Verapamil Hcl,Calan Sr,6,False,12.531551563229865,25030.0,1233284.2000000002,1145285.2,1159627.695433661,-14342.495433660682,-179733.72107230782,,
ALPRAZOLAM,Alprazolam,Xanax,2,False,612.8525834281947,92353.0,8175593.299999994,7416.2,7791.273867817791,-375.07386781778723,-229864.98886853614,,
PROMETHAZINE HCL,Promethazine Hcl,Phenadoz,3,False,169.62014493701375,22953.0,690397.4,789.5,2157.839443765277,-1368.3394437652762,-232097.934774499,,
METRONIDAZOLE,Metronidazole,Metrogel,3,False,403.80722736092883,24046.0,604108.5000000001,328.3,917.1673548863612,-588.8673548863612,-237788.89386002574,,
VANCOMYCIN HCL,Vancomycin Hcl,Firvanq,2,False,203.2861193728096,3235.0,97579.69999999995,931.0,2175.2682310895166,-1244.2682310895161,-252942.4601570579,,
PROPRANOLOL HCL,Propranolol Hcl,Inderal La,3,False,2503.8566116712855,49219.0,2528179.400000001,423.29999999999995,540.8596032522049,-117.55960325220506,-294352.3898684867,,
ENALAPRIL MALEATE,Enalapril Maleate,Epaned,2,False,1127.317920837065,34506.0,2437656.100000001,272.0,626.1962347568849,-354.19623475688485,-399291.7629344485,,
DILTIAZEM HCL,Diltiazem Hcl,Cardizem,14,False,2.7772132287474456,57269.0,5634078.8,5150914.6,5296778.21617813,-145863.6161781287,-405094.36444283876,,
NYSTATIN,Nystatin,Nyamyc,2,False,12.382997873260926,37583.0,1082967.8,210855.50000000003,257306.31432360222,-46450.81432360219,-575200.3349804041,,
TACROLIMUS,Tacrolimus,Astagraf Xl,4,False,396.1143904726414,5134.0,249040.90000000002,5692.299999999999,7240.426181999759,-1548.1261819997587,-613235.0589575719,,
ALBUTEROL SULFATE,Albuterol Sulfate,Proair Digihaler,5,False,21.22033562054319,108363.0,10331261.499999987,1737270.000000001,1769488.5715917863,-32218.57159178536,-683688.9023921838,,
KETOROLAC TROMETHAMINE,Ketorolac Tromethamine,Acular,2,False,2606.6646866511455,8757.0,890182.9000000003,83.0,365.74479368469576,-282.74479368469576,-737020.8690323605,,
PYRIDOSTIGMINE BROMIDE,Pyridostigmine Bromide,Mestinon,2,False,2182.176143510138,3906.0,178421.4,722.6000000000001,1092.8486318606642,-370.2486318606645,-807947.7316136096,,
PHENYTOIN SODIUM EXTENDED,Phenytoin Sodium Extended,Dilantin,2,False,90.16532579255558,14579.0,550063.7,76527.40000000001,90683.75373522694,-14156.353735226903,-1276412.2465713948,,
TESTOSTERONE,Testosterone,Androderm,6,False,440.37584944201114,7651.0,231376.6,5610.6,8799.87218591589,-3189.2721859158933,-1404478.4479744916,,
CARBAMAZEPINE,Carbamazepine,Carbatrol,5,False,207.2514242683217,19254.0,833354.3999999997,35193.90000000001,42056.21677861288,-6862.316778612898,-1422224.9261479243,,
METHYLPHENIDATE HCL,Methylphenidate Hcl,Aptensio Xr,10,False,114.28635919834896,11791.0,310965.80000000005,68038.3,80703.64977208892,-12665.349772088895,-1447476.713425679,,
BUPRENORPHINE,Buprenorphine,Butrans,2,False,494.12442065488517,4697.0,189078.30000000002,20321.399999999998,23421.228207419783,-3099.8282074197828,-1531700.8171209714,,
OXCARBAZEPINE,Oxcarbazepine,Oxtellar Xr,2,False,952.155342577451,18199.0,878130.2999999996,17413.500000000004,19092.120239898773,-1678.620239898768,-1598307.229578254,,
DIVALPROEX SODIUM,Divalproex Sodium,Depakote,3,False,393.2157513687192,36558.0,3027071.300000002,22768.399999999994,29826.362072447744,-7057.962072447752,-2775301.859449467,,
MOMETASONE FUROATE,Mometasone Furoate,Asmanex,3,False,168.24057707380985,12969.0,474214.5,16077.3,34026.46979998886,-17949.16979998885,-3019778.685145923,,
DEXTROAMPHETAMINE AMPHETAMINE,Dextroamphetamine/Amphetamine,Adderall,4,False,45.51561507720469,26354.0,1156582.2999999998,271557.99999999994,343087.2556687783,-71529.25566877842,-3255698.067779079,,
TOLVAPTAN,Tolvaptan,Jynarque,2,False,6392.187981542081,262.0,4074.7999999999993,3063.9,3641.486190137324,-577.5861901373236,-3692039.502900479,,
LEVETIRACETAM,Levetiracetam,Keppra,4,False,1114.80985077136,39644.0,3491671.200000002,33625.299999999996,39377.46831844393,-5752.168318443943,-6412573.90469624,,
ESTRADIOL,Estradiol,Alora,16,False,90.47529314849973,38743.0,3502707.9999999986,145367.3,246056.51311109646,-100689.21311109651,-9109886.07311822,,
MESALAMINE,Mesalamine,Apriso,7,False,229.2898188418522,9299.0,488487.00000000035,34998.600000000006,84866.8318378927,-49868.23183789272,-11434277.844073901,,
LAMOTRIGINE,Lamotrigine,Lamictal,4,False,1503.1222419163005,37721.0,3169339.200000003,38989.2,47804.394543391805,-8815.19454339181,-13250314.984991444,,
FLUTICASONE PROPIONATE,Fluticasone Propionate,Armonair Digihaler,4,False,261.78463396620197,101949.0,10604022.199999988,517389.4999999999,821197.1501985333,-303807.6501985339,-79532174.50335512,,
