prescriber_state,n_prescribers,n_industry_paid,total_payment_usd,total_drug_cost,total_fills,brand_fills,paid_brand_fills,paid_expected_brand_fills,n_later_exclusions,state_name,census_region,share_industry_paid,brand_fill_share,paid_brand_oe_ratio,later_exclusions_per_1000
AL,9820,6525.0,16412537.019999998,3861996837.9699955,45096468.99999989,5752232.899999982,4962440.300000005,4467092.570590778,14.0,Alabama,South,0.6644602851323829,0.12755395328179675,1.110888172022752,1.4256619144602851
AK,1266,483.0,566972.7100000005,286544972.5299999,2275619.8999999985,332181.89999999985,175170.69999999992,141734.64679352386,1.0,Alaska,West,0.3815165876777251,0.14597424640204634,1.235905997318955,0.7898894154818326
AZ,13696,7158.0,24619915.629999932,3866758849.940005,44109630.90000017,5280010.299999986,3593070.1999999923,3266063.071834275,9.0,Arizona,West,0.5226343457943925,0.11970198326914509,1.1001227229767074,0.657126168224299
AR,6254,3864.0,5879618.980000013,1927845462.7299962,25339784.600000013,3119603.5000000075,2565683.5000000065,2414632.242905587,3.0,Arkansas,South,0.6178445794691397,0.1231108925843042,1.0625566305337892,0.47969299648225133
CA,64934,26833.0,111231300.37999935,20567481835.56997,219961811.7999979,29118240.100000326,17651671.999999914,14105815.84569077,85.0,California,West,0.41323497705362366,0.13237861545928858,1.2513754747048098,1.3090214679520744
CO,10821,4266.0,17179056.370000005,2629498403.6699924,27540049.700000007,3301028.4000000027,1432119.8000000026,1306692.2804561362,4.0,Colorado,West,0.3942334349875243,0.11986283379873501,1.0959885670251932,0.3696516033638296
CT,9242,3890.0,11268098.359999992,3017715347.660001,26676660.80000006,4088446.5000000005,2307823.4,2049911.7103385318,5.0,Connecticut,Northeast,0.42090456611123134,0.15325930522758646,1.1258159989821588,0.5410084397316598
DE,2173,1187.0,1914653.1200000013,710786905.0700003,7521925.199999987,1037341.1000000009,770418.1000000003,688423.3901657759,0.0,Delaware,South,0.5462494247583985,0.13790898904445403,1.1191050609342017,0.0
DC,1746,703.0,5361379.030000003,443404706.04999995,2687927.999999995,393344.1999999999,204382.00000000006,167319.03823107178,0.0,District of Columbia,South,0.40263459335624285,0.1463373274879389,1.221510726817252,0.0
FL,46386,27263.0,116791568.0400006,15638248518.429976,188337454.59999862,23661827.10000013,17591323.100000024,15932489.34865453,45.0,Florida,South,0.5877419911180097,0.1256352707444964,1.1041164199168652,0.9701202949165697
GA,18707,11825.0,30405910.169999883,6601005255.599985,71644676.40000002,9499035.899999965,7678666.199999967,6730768.7940167105,11.0,Georgia,South,0.6321163200940825,0.13258536959488537,1.1408304808844252,0.5880151814828674
HI,2372,1114.0,2307434.560000003,737604424.2899991,7366509.4,1027392.9999999998,664111.6999999995,550325.2751698135,2.0,Hawaii,West,0.46964586846543,0.13946809054502798,1.206762127716331,0.8431703204047217
ID,3466,1605.0,2575136.579999997,910457403.7499998,10796434.200000027,1203321.7000000018,687937.6000000008,656599.6815433594,2.0,Idaho,West,0.46306982111944606,0.11145547480852509,1.0477275870481395,0.5770340450086555
IL,24451,10877.0,36913622.3900002,7013824832.760031,82428405.09999944,10140195.899999967,6058223.299999994,5378445.866970516,13.0,Illinois,Midwest,0.44484888143634205,0.12301822275583536,1.126389193057431,0.5316755960901395
IN,14225,7255.0,22453180.29999996,4832181620.869981,55412085.7000006,7489222.699999995,5074566.199999992,4566510.743856243,5.0,Indiana,Midwest,0.5100175746924429,0.13515504073509207,1.111256818310848,0.351493848857645
IA,6547,2507.0,5000466.479999988,1843104040.1900067,25381568.80000004,2989694.9000000088,1408488.600000002,1256983.1234371536,2.0,Iowa,Midwest,0.3829234764014052,0.11778999649540985,1.1205310347752042,0.30548342752405677
KS,5847,3214.0,7768461.319999993,1667594119.8000004,20967678.59999999,2601098.000000004,1807258.5000000005,1598083.2804161028,0.0,Kansas,Midwest,0.5496835984265436,0.12405274086946398,1.130891313454849,0.0
KY,10631,6922.0,16472496.849999998,3704202635.1100044,43679192.60000008,5940797.099999987,4896279.8,4476339.65991545,14.0,Kentucky,South,0.6511146646599567,0.13600977367882883,1.0938132876387852,1.3169033957294705
LA,10588,6762.0,18439215.059999984,3344320794.74999,39417801.00000014,5194464.600000002,4212491.399999995,3502749.9474635567,13.0,Louisiana,South,0.6386475255005667,0.1317796647255889,1.2026240705678641,1.2278050623347185
ME,3708,801.0,1633422.7899999996,1106744248.3300018,11552449.199999988,1417441.2999999984,405398.7000000002,353152.563276141,4.0,Maine,Northeast,0.21601941747572814,0.1226961725137904,1.147942113853514,1.0787486515641855
MD,11723,5795.0,17654159.619999982,3181909357.0199957,30303593.800000187,4021327.0000000065,2570044.6999999993,2293423.4808405093,7.0,Maryland,South,0.49432739059967584,0.1327013233658109,1.120614976462224,0.5971167789814894
MA,18277,4742.0,19393938.35000004,5356085778.150047,52050109.3999999,6874211.699999968,2543507.700000007,2242607.6349003287,4.0,Massachusetts,Northeast,0.25945176998413305,0.13206911146280859,1.1341741909806045,0.21885429775127208
MI,22729,10171.0,29963250.539999895,7198715724.819975,79984109.99999963,10575663.600000044,6410194.099999994,5602285.680357575,23.0,Michigan,Midwest,0.44748999076070217,0.1322220576061932,1.1442105000955347,1.0119230938448678
MN,12335,1615.0,14343804.179999992,2952267412.250003,37406761.000000045,4147007.3000000087,648299.0999999997,577959.0022845491,2.0,Minnesota,Midwest,0.13092825293879207,0.11086250691419136,1.121704303311154,0.16214025131738954
MS,6322,4426.0,6765748.079999993,2028153979.2499971,24839178.800000064,3155753.5000000107,2811248.3000000087,2442076.4511124864,8.0,Mississippi,South,0.7000949066751028,0.1270474167205561,1.151171290611867,1.2654223347042075
MO,13054,6666.0,20029287.17999997,4514401144.809996,53780071.30000013,7098581.69999999,4767519.600000003,4327170.244777886,14.0,Missouri,Midwest,0.510648077217711,0.13199279079423556,1.101763815683827,1.072468208978091
MT,2351,759.0,729518.1699999992,550599987.7299994,6813438.699999998,751930.9000000012,290294.1999999997,252575.76019624557,4.0,Montana,West,0.3228413441088898,0.11035997139007082,1.1493351530425873,1.7014036580178649
NE,4207,2423.0,4553206.4399999995,1161394851.429999,13792546.89999998,1669101.5999999978,1230429.599999999,1168004.1504928835,2.0,Nebraska,Midwest,0.5759448538150701,0.12101474891486504,1.053446256574322,0.4753981459472308
NV,4911,2802.0,8985115.770000018,1404285092.5900023,16812464.8,1914944.8999999994,1371242.200000001,1185613.265179414,7.0,Nevada,West,0.5705558949297496,0.11390030687231531,1.1565678626179139,1.425371614742415
NH,3454,876.0,2245114.069999999,883926455.8600011,9396047.499999985,1142393.699999997,336253.0000000001,304401.77481598675,2.0,New Hampshire,Northeast,0.25361899247249564,0.12158236747951719,1.1046354779083258,0.5790387955993052
NJ,17361,10078.0,24580499.399999924,6000052430.230007,57725476.20000005,8807070.59999999,6842018.599999978,5733147.421643525,15.0,New Jersey,Northeast,0.5804965151776972,0.1525681757823244,1.1934140353988267,0.8640055296353897
NM,3903,1467.0,2507831.330000001,972485273.9800014,11303633.999999983,1308285.5999999982,731328.8999999996,662904.6206555475,3.0,New Mexico,West,0.37586471944657956,0.11574026547568686,1.1032188903386844,0.7686395080707148
NY,47100,21604.0,63595100.700000025,16817281459.089901,142157051.99999866,22689477.2000001,15231119.299999993,12079623.448614854,33.0,New York,Northeast,0.4586836518046709,0.15960852367704076,1.260893550597102,0.7006369426751592
NC,23022,11243.0,39747858.27000028,7566152516.160028,81505842.30000013,10840777.199999988,6937143.999999957,5952979.385025737,9.0,North Carolina,South,0.48835896099383197,0.1330061366656163,1.1653230342859595,0.39093041438623927
ND,1835,723.0,624949.8500000006,417853206.9700003,5546069.999999996,681533.7000000003,397068.99999999994,353986.5974819541,1.0,North Dakota,Midwest,0.39400544959128064,0.12288588135382365,1.1217063098561018,0.5449591280653951
OH,27144,12824.0,42156345.75000008,8453984747.660001,97932039.50000025,12976587.499999952,8390746.299999975,7420181.763083258,26.0,Ohio,Midwest,0.47244326554671384,0.1325060477271069,1.1308006418044165,0.9578544061302682
OK,7130,4051.0,11983383.159999965,2316577083.6600018,26894767.999999933,3579074.9000000027,2549786.9000000027,2550132.514498917,5.0,Oklahoma,South,0.5681626928471248,0.13307699475228832,0.9998644719453011,0.7012622720897616
OR,8986,2215.0,5541636.909999994,2281218569.819995,27044330.00000012,2961790.8000000087,889485.1999999991,824172.6234324552,8.0,Oregon,West,0.24649454707322502,0.1095161462679976,1.0792462339934743,0.8902737591809482
PA,31982,14565.0,44535504.2300001,10382783430.719963,111840492.59999979,15585547.299999971,9603593.399999995,8476746.640449733,27.0,Pennsylvania,Northeast,0.45541241948596084,0.13935513817649262,1.1329338727871283,0.8442248764930274
RI,2850,1074.0,3195680.5499999993,681405427.31,8763315.999999993,1002271.7000000001,538172.6000000003,485949.29897563986,0.0,Rhode Island,Northeast,0.37684210526315787,0.11437128365563913,1.1074665631464948,0.0
SC,10676,6072.0,14524553.939999966,3773775654.079999,41587786.899999954,5347602.299999999,4187258.599999997,3848209.961280813,4.0,South Carolina,South,0.5687523417010116,0.128585882986719,1.0881055457291986,0.37467216185837393
SD,2091,848.0,2488613.28,504596456.4200004,6179586.500000002,790452.6999999991,439025.89999999997,363934.9762281225,0.0,South Dakota,Midwest,0.40554758488761355,0.12791352625292954,1.2063306048518097,0.0
TN,15942,9488.0,44985004.72999997,5334565091.129987,62158433.39999995,8032320.700000003,6171973.599999994,5808023.087079496,18.0,Tennessee,South,0.5951574457408104,0.12922334525889145,1.0626634067158136,1.1290929619872037
TX,43907,25748.0,83829142.51999985,14580693588.550114,158768102.9999969,20823105.90000011,15893260.50000009,13703677.458849156,53.0,Texas,South,0.5864212995649897,0.13115421489920123,1.1597806900903822,1.2070968182749902
UT,4710,2329.0,10319837.750000015,1081686231.1600041,13495731.30000001,1489081.700000005,888264.6000000008,804900.8854918306,0.0,Utah,West,0.49447983014861996,0.11033723678241904,1.1035701612593347,0.0
VT,1436,63.0,299408.7700000001,419157879.0399996,4228079.300000005,556671.5,17154.9,20463.13996580784,0.0,Vermont,Northeast,0.04387186629526462,0.1316606100552559,0.8383317530283414,0.0
VA,15522,7617.0,23085172.919999942,4286776513.3700027,49486248.89999999,6168196.699999987,3844131.20000001,3543513.761090993,13.0,Virginia,South,0.49072284499420177,0.12464466063015717,1.0848359733239645,0.8375209380234506
WA,14677,3458.0,10680213.460000003,3422199861.3900046,39076784.50000008,4424297.200000007,1297353.5999999996,1130331.1444243435,10.0,Washington,West,0.23560673162090345,0.11322060544669425,1.147764180788558,0.6813381481229134
WV,4544,2329.0,4139574.9999999977,1429726546.7399971,17575794.900000013,2406265.0999999996,1749277.1000000006,1561457.1976024306,2.0,West Virginia,South,0.512544014084507,0.13690789598369732,1.1202850149757302,0.44014084507042256
WI,12558,2698.0,8534174.300000012,3632767753.3000064,44844027.49999982,5253952.000000004,1461286.2000000007,1222713.314339803,8.0,Wisconsin,Midwest,0.21484312788660614,0.1171605739471109,1.1951175985917954,0.6370441153049848
WY,1014,459.0,337033.9600000002,196460530.8900001,2699360.300000005,296685.9,169912.5000000001,157656.03320297832,0.0,Wyoming,West,0.4526627218934911,0.1099097071257955,1.0777418189968149,0.0
PR,6125,2797.0,3958059.0900000054,2213591699.7999954,38763188.80000003,5370107.899999996,3724571.1999999997,3471260.0885047144,10.0,Puerto Rico,Territory,0.4566530612244898,0.13853627800610646,1.0729738207557942,1.6326530612244898
VI,97,9.0,7127.290000000001,26345256.909999967,242306.4,26982.900000000012,2593.2,2779.701912840676,0.0,U.S. Virgin Islands,Territory,0.09278350515463918,0.11135859391250091,0.9329057867755024,0.0
GU,67,10.0,3324.19,8988798.730000008,146167.5,15873.000000000002,7479.500000000001,7383.1334086685,0.0,Guam,Territory,0.14925373134328357,0.10859459182102726,1.013052261959449,0.0
ZZ,49,11.0,3024.18,6473157.190000002,63959.10000000001,7043.7,1980.9,2162.358280148527,0.0,,,0.22448979591836735,0.11012819129725088,0.9160831570723503,0.0
AE,26,6.0,3722.4300000000003,4665794.039999999,38974.5,5768.7,4166.900000000001,2085.769017110231,0.0,,,0.23076923076923078,0.14801216179809876,1.9977763433139462,0.0
AP,16,4.0,2431.4599999999996,4159026.5699999994,50973.899999999994,7442.1,3053.399999999999,3351.6422949843686,0.0,,,0.25,0.1459982461612708,0.9110160724995385,0.0
XX,20,8.0,1892.2099999999998,5561542.689999998,50549.50000000001,6003.299999999999,4536.7,4077.798457971726,0.0,,,0.4,0.11876081860354698,1.1125365921729562,0.0
